Epoch,Train_Loss,Val_Loss,Val_IoU,Val_F1,Val_Precision,Val_Recall,Encoder_LR,Decoder_LR
1,1.1493991268015353,1.7357056451880413,0.479432360591063,0.6481301476789071,0.5077046009679403,0.8959363749986168,0.0001,0.001
2,0.9288279787402287,0.9381621402242909,0.5795184957384883,0.7337913337062947,0.6967267035114257,0.7750210979478493,0.0001,0.001
3,0.8581191117518416,0.9075948518255482,0.5631919066790311,0.7205665540681943,0.7128052094656371,0.7284987875356139,0.0001,0.001
4,0.8258133937265272,0.7952269574870234,0.70066007889697,0.8239860314985749,0.890748165894901,0.7665338475178789,0.0001,0.001
5,0.81302514700132,0.7672620908073757,0.7087533078361616,0.8295560281739548,0.8976446008630101,0.7710685710012299,0.0001,0.001
6,0.7769028366169083,0.7741142122641854,0.7014104126762667,0.8245046618208045,0.9109452736317819,0.7530471846256982,0.0001,0.001
7,0.7728208192040987,0.7691300200379413,0.7056141152626888,0.8274018193439897,0.9097488183832082,0.7587249361719904,0.0001,0.001
8,0.7707129404923626,0.7262667469356371,0.7183128327057954,0.8360675830116073,0.9242306647521619,0.7632596596553416,0.0001,0.001
9,0.7433354910289016,0.7634172698725825,0.6840824984204041,0.8124097184690999,0.8152169820960424,0.80962173248866,0.0001,0.001
10,0.7363141039821589,0.719458590383115,0.7294680702871221,0.8435750604728431,0.9140815919404945,0.7831665082094634,0.0001,0.001
11,0.7378175069238538,0.7339854655058488,0.7262059908320682,0.8413897187352473,0.9261096387938239,0.770870944653899,0.0001,0.001
12,0.707543414329814,0.7379109600315923,0.6972114570172244,0.821596448574183,0.8593917689328041,0.7869855038403185,0.0001,0.001
13,0.7268178362712682,0.7209300424741663,0.7249388020182482,0.8405385708622658,0.918081222834453,0.775074510474155,0.0001,0.001
14,0.7364464641731476,0.7070433186448138,0.7218845444373521,0.8384819324900519,0.9275242190332508,0.7650382967813203,0.0001,0.001
15,0.7163225423509829,0.7052149202512659,0.7280455333805248,0.8426230848801631,0.8951064072607475,0.79595346700704,5e-05,0.0005
16,0.7046315380345995,0.7189594144406526,0.7463853030222958,0.8547773476648695,0.8771549180189157,0.8335131555051846,5e-05,0.0005
17,0.6925892902311878,0.694702438686205,0.7390382314848319,0.8499390223574604,0.9084186541090136,0.7985332920276036,5e-05,0.0005
18,0.6879496992191422,0.689747198768284,0.7387204980205726,0.8497288604417989,0.9283263921414149,0.7834015233252083,5e-05,0.0005
19,0.6640478339150687,0.6915602813596311,0.7392202527698108,0.8500593840888282,0.8938178219221133,0.810385531614831,5e-05,0.0005
20,0.6596255976463032,0.6780059259870778,0.7236231080874138,0.8396535186714646,0.872718996502459,0.8090021471835143,5e-05,0.0005
21,0.6521772374616606,0.663462739923726,0.7289737710310312,0.8432444481603546,0.8854443321502757,0.8048840414053473,2.5e-05,0.00025
22,0.6432431262230205,0.6626312577206156,0.7366143546704471,0.848333826513674,0.8892389681121554,0.811026481930499,2.5e-05,0.00025
23,0.6115717932442638,0.6678649523983831,0.7362113220730089,0.8480664863569752,0.8893838768104801,0.8104175791306144,2.5e-05,0.00025
24,0.6300515092421914,0.6459472723629164,0.7354631433495565,0.8475698741764067,0.8954599228358749,0.804542201236991,2.5e-05,0.00025
25,0.5904708398836795,0.6459595275961835,0.7403627899818825,0.8508143128524271,0.8813689344843664,0.8223072074862557,2.5e-05,0.00025
26,0.5951395775670203,0.6083761660949044,0.7472943067856245,0.8553731326445283,0.8889061689994303,0.8242781297069348,2.5e-05,0.00025
27,0.5526276882563796,0.5925423943478129,0.7455398270413404,0.8542226434995618,0.9111616898406824,0.8039813697107816,2.5e-05,0.00025
28,0.5658026031244581,0.5948712540709454,0.750896039652803,0.8577277214449188,0.908406794237744,0.8124045251091851,2.5e-05,0.00025
29,0.5605136548804346,0.603074532488118,0.7442830532656575,0.8533970992025042,0.9112402348487971,0.8024591127110701,2.5e-05,0.00025
30,0.5388143981728598,0.5886597711107006,0.7509147380219561,0.8577399199994109,0.9086145499736563,0.8122603112881599,2.5e-05,0.00025
31,0.5634366095623123,0.5981133968933768,0.7376613759225524,0.8490277585924357,0.9069317147192165,0.7980739443013749,2.5e-05,0.00025
32,0.5661799161233635,0.5852107535237852,0.7459856762191188,0.8545152254472443,0.9111896234633075,0.8044781062054243,2.5e-05,0.00025
33,0.5367209538121089,0.5766802533813145,0.7424911308645542,0.8522179692951438,0.917077463705179,0.7959267607438871,1.25e-05,0.000125
34,0.5350099258890776,0.5709941957307898,0.746682390171777,0.8549721346317969,0.9160572356452491,0.8015243935007209,1.25e-05,0.000125
35,0.5379003230656418,0.5671170716700347,0.7499522051794512,0.8571116383582704,0.901185770750935,0.8171475574451283,1.25e-05,0.000125
36,0.5415124592379988,0.5681730042333188,0.7479081880204405,0.8557751360084208,0.9110103306656789,0.8068549636260265,1.25e-05,0.000125
37,0.5185302186792142,0.5638138107631517,0.741915714157553,0.8518388160744632,0.917007950633346,0.7953178579440026,1.25e-05,0.000125
38,0.5128952604587947,0.5639528243438058,0.7442390378251628,0.8533681649621138,0.9111329427888202,0.8024911602268535,6.25e-06,6.25e-05
39,0.5096194721827997,0.5642886680105458,0.7437511849050208,0.8530473693794924,0.9185665343947379,0.7962525771543517,6.25e-06,6.25e-05
40,0.5265966715099656,0.564583130504774,0.7456458328139041,0.8542922217720698,0.9181401802597732,0.7987469421328263,6.25e-06,6.25e-05
41,0.5219898056761126,0.5683149656523829,0.7448874926291322,0.853794289237564,0.9115467643348627,0.8029238016899294,6.25e-06,6.25e-05
42,0.4950897643499285,0.5539932639702506,0.7537361827560425,0.8595776101256767,0.9038120541262847,0.8194710023394248,6.25e-06,6.25e-05
43,0.5146202339190189,0.5423927553322004,0.7514134048997665,0.8580651471915955,0.9077434696321712,0.8135422119194958,6.25e-06,6.25e-05
44,0.5034496427696442,0.5532383918762207,0.7540851927776968,0.8598045197681173,0.9069169269428317,0.8173451837924594,6.25e-06,6.25e-05
45,0.5007593726443353,0.5465368330478668,0.752457227845773,0.8587453223022038,0.899546717356286,0.8214846545811485,6.25e-06,6.25e-05
46,0.5114399874321768,0.5567089060078496,0.7483948296355605,0.8560936152380296,0.915734576390777,0.8037463545950366,6.25e-06,6.25e-05
47,0.48859024159262116,0.5598939968192059,0.7473258152635787,0.8553937730328245,0.9219123210901586,0.7978282466803688,6.25e-06,6.25e-05
48,0.49872739849803605,0.5586474200953608,0.7505360051891863,0.8574927891837597,0.9114009295836768,0.8096057087307682,6.25e-06,6.25e-05
49,0.548328873988624,0.5481716860895571,0.7523984930106332,0.8587070710729432,0.9087482630501786,0.8138893933404827,3.125e-06,3.125e-05
50,0.4844978401594073,0.5500008800755376,0.7520815417089773,0.8585006113399877,0.8982562211120443,0.8221149223915554,3.125e-06,3.125e-05
51,0.5328628626939292,0.553494640018629,0.7519355488023038,0.8584054875159594,0.9029228665078346,0.8180715941502164,3.125e-06,3.125e-05
52,0.5102013995714276,0.5529682895411616,0.7504070335395266,0.8574086081675718,0.9077112215849208,0.8123885013512935,3.125e-06,3.125e-05
53,0.5144650535048726,0.5573914076970972,0.7522219400710654,0.8585920750065424,0.8976985972457239,0.8227505314545928,3.125e-06,3.125e-05
54,0.48491457076830285,0.5535943663638571,0.7512336074682892,0.8579479058650681,0.9089610575888151,0.81235645383551,1.5625e-06,1.5625e-05
55,0.4930621602824915,0.5507036136544269,0.751926712950749,0.8583997298843242,0.9138335534687368,0.8093065985834565,1.5625e-06,1.5625e-05
56,0.4999448829722182,0.5490454150282819,0.7534287859923344,0.8593776806232121,0.9094579523970855,0.8145250024035201,1.5625e-06,1.5625e-05
57,0.4931061680071822,0.5476233466811802,0.7540550956392413,0.8597849555994588,0.8969072763142104,0.8256134428645765,1.5625e-06,1.5625e-05
58,0.48120359282627284,0.5470704850943192,0.7514827907526733,0.8581103855023227,0.9071274683679366,0.8141190672035971,1.5625e-06,1.5625e-05
59,0.4892811892188598,0.5485784851986429,0.7544156608772076,0.8600192911224801,0.9025727417337741,0.8212977107390786,1.5625e-06,1.5625e-05
60,0.49510481424420794,0.553925625655962,0.7510686386482985,0.8578403127069336,0.8848339644707878,0.8324449049790712,1.5625e-06,1.5625e-05
61,0.5439924881837078,0.5591117713762366,0.7495972846888993,0.8568797938676086,0.9060682025234512,0.8127570477828026,1.5625e-06,1.5625e-05
62,0.49946735284038796,0.5510914986548217,0.7541656780091543,0.8598568346002629,0.8898068320106445,0.8318573671897088,1.5625e-06,1.5625e-05
63,0.47592277671689187,0.5437409074410148,0.7543202124134966,0.8599572674401996,0.9103434695435775,0.8148561600666152,1.5625e-06,1.5625e-05
64,0.49686806836974956,0.5416505608869635,0.7543900344490245,0.8600026393930621,0.9084927696449364,0.8164264883400019,1e-06,7.8125e-06
65,0.4993901586978235,0.5489980928275896,0.7561375748691546,0.8611370558943606,0.892295003092945,0.8320816998001926,1e-06,7.8125e-06
66,0.48701519609611726,0.5477055674013884,0.7579436686018771,0.8623071122847595,0.9024205130599755,0.8256081016119459,1e-06,7.8125e-06
67,0.48980663925687845,0.5510923914287401,0.7528691324289668,0.8590135043468674,0.896994959624623,0.8241178921280178,1e-06,7.8125e-06
68,0.4800095335345402,0.5476923403532609,0.753485219134037,0.8594143897408215,0.9036655630308995,0.8192947410026161,1e-06,7.8125e-06
69,0.5134966924925831,0.5367563522380331,0.7542759295498652,0.8599284895464389,0.8997502217656694,0.8234822830649804,1e-06,7.8125e-06
70,0.4903896690529084,0.5478088985318723,0.7515448194430409,0.8581508240421314,0.9049864630295026,0.8159244105927286,1e-06,7.8125e-06
71,0.5031651096923329,0.5533569183038629,0.7513024883358888,0.8579928241616434,0.8929219181404934,0.825693561654035,1e-06,3.90625e-06
72,0.48209935649533137,0.5476407382799231,0.7529487991282081,0.8590653590459543,0.9028551921412526,0.8193267885183996,1e-06,3.90625e-06
73,0.49497693888494904,0.5504717178966688,0.7520429156491784,0.8584754454986243,0.8825832364920017,0.8356496565574112,1e-06,3.90625e-06
74,0.5150225691706221,0.5518091657887334,0.7524928861837852,0.8587685436477882,0.8972205733439891,0.8234769418123498,1e-06,3.90625e-06
75,0.48590928817463813,0.5417738064475681,0.7539550047626626,0.8597198882989235,0.9032700192353541,0.8201760476866596,1e-06,3.90625e-06
76,0.48802889089718043,0.5554668281389319,0.7505260038523854,0.8574862616588631,0.9088076456128685,0.8116514084882753,1e-06,1.953125e-06
77,0.47898404230581265,0.5320172452408335,0.7533645263178176,0.8593358775500624,0.9020995448538598,0.820443110318188,1e-06,1.953125e-06
78,0.48620791970012345,0.5335678950600002,0.7514357868310702,0.8580797402004734,0.9176449835155587,0.805776030594652,1e-06,1.953125e-06
79,0.4969018837001836,0.5300142479979474,0.7552221489520621,0.860543088553782,0.9132606258280973,0.8135796006879098,1e-06,1.953125e-06
80,0.47161988231623286,0.5499957514845807,0.7524824316399081,0.858761735569938,0.9154061014981127,0.8087190607940942,1e-06,1.953125e-06
81,0.4780765741227943,0.541397283906522,0.7535163050920033,0.8594346097936831,0.899293760578947,0.8229588403071848,1e-06,1e-06
