Sample_ID,TP,FP,FN,TN,Run,Strategy,Seed,Split
271,0,0,34,16350,resnet34_unet_mean_seed42,mean,42,val
172,9027,762,2854,3741,resnet34_unet_mean_seed42,mean,42,val
21,0,0,0,16384,resnet34_unet_mean_seed42,mean,42,val
109,31,96,156,16101,resnet34_unet_mean_seed42,mean,42,val
121,4164,184,1113,10923,resnet34_unet_mean_seed42,mean,42,val
285,574,55,38,15717,resnet34_unet_mean_seed42,mean,42,val
293,12964,1882,46,1492,resnet34_unet_mean_seed42,mean,42,val
64,6886,2965,2542,3991,resnet34_unet_mean_seed42,mean,42,val
25,53,201,251,15879,resnet34_unet_mean_seed42,mean,42,val
164,2979,459,213,12733,resnet34_unet_mean_seed42,mean,42,val
286,14755,424,16,1189,resnet34_unet_mean_seed42,mean,42,val
41,0,0,0,16384,resnet34_unet_mean_seed42,mean,42,val
155,0,0,0,16384,resnet34_unet_mean_seed42,mean,42,val
284,18,121,248,15997,resnet34_unet_mean_seed42,mean,42,val
189,0,0,0,16384,resnet34_unet_mean_seed42,mean,42,val
262,1529,674,956,13225,resnet34_unet_mean_seed42,mean,42,val
43,8875,1087,307,6115,resnet34_unet_mean_seed42,mean,42,val
75,0,0,0,16384,resnet34_unet_mean_seed42,mean,42,val
224,3836,356,211,11981,resnet34_unet_mean_seed42,mean,42,val
132,5050,1303,3588,6443,resnet34_unet_mean_seed42,mean,42,val
278,0,10,38,16336,resnet34_unet_mean_seed42,mean,42,val
142,4018,1052,564,10750,resnet34_unet_mean_seed42,mean,42,val
238,3477,3300,26,9581,resnet34_unet_mean_seed42,mean,42,val
192,657,717,920,14090,resnet34_unet_mean_seed42,mean,42,val
73,16159,157,1,67,resnet34_unet_mean_seed42,mean,42,val
33,18,26,20,16320,resnet34_unet_mean_seed42,mean,42,val
139,239,33,849,15263,resnet34_unet_mean_seed42,mean,42,val
42,12993,1235,299,1857,resnet34_unet_mean_seed42,mean,42,val
48,30,71,157,16126,resnet34_unet_mean_seed42,mean,42,val
3,48,79,823,15434,resnet34_unet_mean_seed42,mean,42,val
274,9851,1719,1951,2863,resnet34_unet_mean_seed42,mean,42,val
6,166,69,113,16036,resnet34_unet_mean_seed42,mean,42,val
22,6284,912,1916,7272,resnet34_unet_mean_seed42,mean,42,val
57,0,0,4,16380,resnet34_unet_mean_seed42,mean,42,val
211,0,0,0,16384,resnet34_unet_mean_seed42,mean,42,val
9,6647,1537,158,8042,resnet34_unet_mean_seed42,mean,42,val
38,0,0,0,16384,resnet34_unet_mean_seed42,mean,42,val
157,6196,212,279,9697,resnet34_unet_mean_seed42,mean,42,val
76,4864,589,1831,9100,resnet34_unet_mean_seed42,mean,42,val
56,3348,307,620,12109,resnet34_unet_mean_seed42,mean,42,val
253,5257,488,762,9877,resnet34_unet_mean_seed42,mean,42,val
150,0,0,38,16346,resnet34_unet_mean_seed42,mean,42,val
272,5967,432,359,9626,resnet34_unet_mean_seed42,mean,42,val
10,958,178,75,15173,resnet34_unet_mean_seed42,mean,42,val
181,1265,63,49,15007,resnet34_unet_mean_seed42,mean,42,val
34,2652,163,962,12607,resnet34_unet_mean_seed42,mean,42,val
261,31,78,155,16120,resnet34_unet_mean_seed42,mean,42,test
299,0,0,0,16384,resnet34_unet_mean_seed42,mean,42,test
270,324,279,474,15307,resnet34_unet_mean_seed42,mean,42,test
66,1256,274,108,14746,resnet34_unet_mean_seed42,mean,42,test
161,5646,2473,1269,6996,resnet34_unet_mean_seed42,mean,42,test
179,3087,1172,2499,9626,resnet34_unet_mean_seed42,mean,42,test
127,577,297,988,14522,resnet34_unet_mean_seed42,mean,42,test
225,2555,1118,2998,9713,resnet34_unet_mean_seed42,mean,42,test
63,516,532,29,15307,resnet34_unet_mean_seed42,mean,42,test
115,0,0,0,16384,resnet34_unet_mean_seed42,mean,42,test
245,8449,594,186,7155,resnet34_unet_mean_seed42,mean,42,test
219,8354,3780,794,3456,resnet34_unet_mean_seed42,mean,42,test
216,0,0,4,16380,resnet34_unet_mean_seed42,mean,42,test
82,0,0,0,16384,resnet34_unet_mean_seed42,mean,42,test
124,6335,1046,480,8523,resnet34_unet_mean_seed42,mean,42,test
131,6207,2371,507,7299,resnet34_unet_mean_seed42,mean,42,test
268,6497,1587,839,7461,resnet34_unet_mean_seed42,mean,42,test
52,6708,98,350,9228,resnet34_unet_mean_seed42,mean,42,test
213,2720,2172,209,11283,resnet34_unet_mean_seed42,mean,42,test
5,0,0,0,16384,resnet34_unet_mean_seed42,mean,42,test
302,0,0,0,16384,resnet34_unet_mean_seed42,mean,42,test
129,38,39,756,15551,resnet34_unet_mean_seed42,mean,42,test
255,0,0,4,16380,resnet34_unet_mean_seed42,mean,42,test
114,5127,895,3632,6730,resnet34_unet_mean_seed42,mean,42,test
44,4162,928,1057,10237,resnet34_unet_mean_seed42,mean,42,test
287,3828,605,1500,10451,resnet34_unet_mean_seed42,mean,42,test
134,10459,2825,165,2935,resnet34_unet_mean_seed42,mean,42,test
250,4229,318,911,10926,resnet34_unet_mean_seed42,mean,42,test
84,1754,1342,1352,11936,resnet34_unet_mean_seed42,mean,42,test
173,0,0,0,16384,resnet34_unet_mean_seed42,mean,42,test
178,532,641,720,14491,resnet34_unet_mean_seed42,mean,42,test
83,224,28,29,16103,resnet34_unet_mean_seed42,mean,42,test
244,15728,571,6,79,resnet34_unet_mean_seed42,mean,42,test
154,4912,2288,1358,7826,resnet34_unet_mean_seed42,mean,42,test
297,2710,254,176,13244,resnet34_unet_mean_seed42,mean,42,test
167,0,0,0,16384,resnet34_unet_mean_seed42,mean,42,test
259,14,0,18,16352,resnet34_unet_mean_seed42,mean,42,test
49,4281,392,859,10852,resnet34_unet_mean_seed42,mean,42,test
91,6651,2987,2699,4047,resnet34_unet_mean_seed42,mean,42,test
159,554,39,43,15748,resnet34_unet_mean_seed42,mean,42,test
263,9241,293,141,6709,resnet34_unet_mean_seed42,mean,42,test
79,345,294,1220,14525,resnet34_unet_mean_seed42,mean,42,test
112,23,26,582,15753,resnet34_unet_mean_seed42,mean,42,test
72,18,0,15,16351,resnet34_unet_mean_seed42,mean,42,test
239,10510,19,104,5751,resnet34_unet_mean_seed42,mean,42,test
116,15024,414,49,897,resnet34_unet_mean_seed42,mean,42,test
271,0,0,34,16350,resnet34_unet_mean_seed123,mean,123,val
172,7035,249,4846,4254,resnet34_unet_mean_seed123,mean,123,val
21,0,0,0,16384,resnet34_unet_mean_seed123,mean,123,val
109,26,38,161,16159,resnet34_unet_mean_seed123,mean,123,val
121,4432,253,845,10854,resnet34_unet_mean_seed123,mean,123,val
285,529,34,83,15738,resnet34_unet_mean_seed123,mean,123,val
293,12889,1418,121,1956,resnet34_unet_mean_seed123,mean,123,val
64,3086,145,6342,6811,resnet34_unet_mean_seed123,mean,123,val
25,51,128,253,15952,resnet34_unet_mean_seed123,mean,123,val
164,3006,366,186,12826,resnet34_unet_mean_seed123,mean,123,val
286,14657,148,114,1465,resnet34_unet_mean_seed123,mean,123,val
41,0,0,0,16384,resnet34_unet_mean_seed123,mean,123,val
155,0,0,0,16384,resnet34_unet_mean_seed123,mean,123,val
284,18,35,248,16083,resnet34_unet_mean_seed123,mean,123,val
189,0,0,0,16384,resnet34_unet_mean_seed123,mean,123,val
262,1449,656,1036,13243,resnet34_unet_mean_seed123,mean,123,val
43,8763,882,419,6320,resnet34_unet_mean_seed123,mean,123,val
75,0,0,0,16384,resnet34_unet_mean_seed123,mean,123,val
224,3851,227,196,12110,resnet34_unet_mean_seed123,mean,123,val
132,6717,2791,1921,4955,resnet34_unet_mean_seed123,mean,123,val
278,0,6,38,16340,resnet34_unet_mean_seed123,mean,123,val
142,4158,1535,424,10267,resnet34_unet_mean_seed123,mean,123,val
238,3425,1349,78,11532,resnet34_unet_mean_seed123,mean,123,val
192,927,804,650,14003,resnet34_unet_mean_seed123,mean,123,val
73,16119,140,41,84,resnet34_unet_mean_seed123,mean,123,val
33,16,14,22,16332,resnet34_unet_mean_seed123,mean,123,val
139,419,76,669,15220,resnet34_unet_mean_seed123,mean,123,val
42,12969,1251,323,1841,resnet34_unet_mean_seed123,mean,123,val
48,18,13,169,16184,resnet34_unet_mean_seed123,mean,123,val
3,39,31,832,15482,resnet34_unet_mean_seed123,mean,123,val
274,11325,2634,477,1948,resnet34_unet_mean_seed123,mean,123,val
6,203,307,76,15798,resnet34_unet_mean_seed123,mean,123,val
22,6708,1090,1492,7094,resnet34_unet_mean_seed123,mean,123,val
57,0,0,4,16380,resnet34_unet_mean_seed123,mean,123,val
211,0,0,0,16384,resnet34_unet_mean_seed123,mean,123,val
9,6475,1439,330,8140,resnet34_unet_mean_seed123,mean,123,val
38,0,0,0,16384,resnet34_unet_mean_seed123,mean,123,val
157,6164,163,311,9746,resnet34_unet_mean_seed123,mean,123,val
76,4965,483,1730,9206,resnet34_unet_mean_seed123,mean,123,val
56,3502,265,466,12151,resnet34_unet_mean_seed123,mean,123,val
253,3956,171,2063,10194,resnet34_unet_mean_seed123,mean,123,val
150,0,0,38,16346,resnet34_unet_mean_seed123,mean,123,val
272,5989,521,337,9537,resnet34_unet_mean_seed123,mean,123,val
10,916,59,117,15292,resnet34_unet_mean_seed123,mean,123,val
181,1293,127,21,14943,resnet34_unet_mean_seed123,mean,123,val
34,2927,164,687,12606,resnet34_unet_mean_seed123,mean,123,val
261,44,36,142,16162,resnet34_unet_mean_seed123,mean,123,test
299,0,0,0,16384,resnet34_unet_mean_seed123,mean,123,test
270,660,617,138,14969,resnet34_unet_mean_seed123,mean,123,test
66,1200,272,164,14748,resnet34_unet_mean_seed123,mean,123,test
161,5960,1753,955,7716,resnet34_unet_mean_seed123,mean,123,test
179,4222,2177,1364,8621,resnet34_unet_mean_seed123,mean,123,test
127,303,111,1262,14708,resnet34_unet_mean_seed123,mean,123,test
225,3835,2781,1718,8050,resnet34_unet_mean_seed123,mean,123,test
63,539,568,6,15271,resnet34_unet_mean_seed123,mean,123,test
115,0,0,0,16384,resnet34_unet_mean_seed123,mean,123,test
245,8577,619,58,7130,resnet34_unet_mean_seed123,mean,123,test
219,7812,3445,1336,3791,resnet34_unet_mean_seed123,mean,123,test
216,0,0,4,16380,resnet34_unet_mean_seed123,mean,123,test
82,0,0,0,16384,resnet34_unet_mean_seed123,mean,123,test
124,6379,693,436,8876,resnet34_unet_mean_seed123,mean,123,test
131,5793,1213,921,8457,resnet34_unet_mean_seed123,mean,123,test
268,6322,1223,1014,7825,resnet34_unet_mean_seed123,mean,123,test
52,6628,74,430,9252,resnet34_unet_mean_seed123,mean,123,test
213,2477,1006,452,12449,resnet34_unet_mean_seed123,mean,123,test
5,0,0,0,16384,resnet34_unet_mean_seed123,mean,123,test
302,0,0,0,16384,resnet34_unet_mean_seed123,mean,123,test
129,659,623,135,14967,resnet34_unet_mean_seed123,mean,123,test
255,0,0,4,16380,resnet34_unet_mean_seed123,mean,123,test
114,6878,3182,1881,4443,resnet34_unet_mean_seed123,mean,123,test
44,4204,242,1015,10923,resnet34_unet_mean_seed123,mean,123,test
287,4041,370,1287,10686,resnet34_unet_mean_seed123,mean,123,test
134,9845,2241,779,3519,resnet34_unet_mean_seed123,mean,123,test
250,4363,371,777,10873,resnet34_unet_mean_seed123,mean,123,test
84,1508,515,1598,12763,resnet34_unet_mean_seed123,mean,123,test
173,0,0,0,16384,resnet34_unet_mean_seed123,mean,123,test
178,447,180,805,14952,resnet34_unet_mean_seed123,mean,123,test
83,196,21,57,16110,resnet34_unet_mean_seed123,mean,123,test
244,15710,565,24,85,resnet34_unet_mean_seed123,mean,123,test
154,4682,764,1588,9350,resnet34_unet_mean_seed123,mean,123,test
297,2560,128,326,13370,resnet34_unet_mean_seed123,mean,123,test
167,0,0,0,16384,resnet34_unet_mean_seed123,mean,123,test
259,14,0,18,16352,resnet34_unet_mean_seed123,mean,123,test
49,4372,421,768,10823,resnet34_unet_mean_seed123,mean,123,test
91,4048,1194,5302,5840,resnet34_unet_mean_seed123,mean,123,test
159,520,38,77,15749,resnet34_unet_mean_seed123,mean,123,test
263,9233,241,149,6761,resnet34_unet_mean_seed123,mean,123,test
79,255,56,1310,14763,resnet34_unet_mean_seed123,mean,123,test
112,19,8,586,15771,resnet34_unet_mean_seed123,mean,123,test
72,26,5,7,16346,resnet34_unet_mean_seed123,mean,123,test
239,10433,0,181,5770,resnet34_unet_mean_seed123,mean,123,test
116,14938,269,135,1042,resnet34_unet_mean_seed123,mean,123,test
271,0,0,34,16350,resnet34_unet_mean_seed2026,mean,2026,val
172,8860,524,3021,3979,resnet34_unet_mean_seed2026,mean,2026,val
21,0,0,0,16384,resnet34_unet_mean_seed2026,mean,2026,val
109,25,44,162,16153,resnet34_unet_mean_seed2026,mean,2026,val
121,4410,267,867,10840,resnet34_unet_mean_seed2026,mean,2026,val
285,537,28,75,15744,resnet34_unet_mean_seed2026,mean,2026,val
293,12916,1646,94,1728,resnet34_unet_mean_seed2026,mean,2026,val
64,5257,438,4171,6518,resnet34_unet_mean_seed2026,mean,2026,val
25,53,133,251,15947,resnet34_unet_mean_seed2026,mean,2026,val
164,2998,390,194,12802,resnet34_unet_mean_seed2026,mean,2026,val
286,14673,109,98,1504,resnet34_unet_mean_seed2026,mean,2026,val
41,0,0,0,16384,resnet34_unet_mean_seed2026,mean,2026,val
155,0,0,0,16384,resnet34_unet_mean_seed2026,mean,2026,val
284,0,0,266,16118,resnet34_unet_mean_seed2026,mean,2026,val
189,0,0,0,16384,resnet34_unet_mean_seed2026,mean,2026,val
262,1347,293,1138,13606,resnet34_unet_mean_seed2026,mean,2026,val
43,8785,602,397,6600,resnet34_unet_mean_seed2026,mean,2026,val
75,0,0,0,16384,resnet34_unet_mean_seed2026,mean,2026,val
224,3827,173,220,12164,resnet34_unet_mean_seed2026,mean,2026,val
132,6494,2728,2144,5018,resnet34_unet_mean_seed2026,mean,2026,val
278,0,0,38,16346,resnet34_unet_mean_seed2026,mean,2026,val
142,3356,762,1226,11040,resnet34_unet_mean_seed2026,mean,2026,val
238,3447,2943,56,9938,resnet34_unet_mean_seed2026,mean,2026,val
192,570,208,1007,14599,resnet34_unet_mean_seed2026,mean,2026,val
73,16150,163,10,61,resnet34_unet_mean_seed2026,mean,2026,val
33,18,8,20,16338,resnet34_unet_mean_seed2026,mean,2026,val
139,598,160,490,15136,resnet34_unet_mean_seed2026,mean,2026,val
42,12429,397,863,2695,resnet34_unet_mean_seed2026,mean,2026,val
48,24,28,163,16169,resnet34_unet_mean_seed2026,mean,2026,val
3,47,24,824,15489,resnet34_unet_mean_seed2026,mean,2026,val
274,11346,2842,456,1740,resnet34_unet_mean_seed2026,mean,2026,val
6,139,25,140,16080,resnet34_unet_mean_seed2026,mean,2026,val
22,6910,1265,1290,6919,resnet34_unet_mean_seed2026,mean,2026,val
57,0,0,4,16380,resnet34_unet_mean_seed2026,mean,2026,val
211,0,0,0,16384,resnet34_unet_mean_seed2026,mean,2026,val
9,6470,1235,335,8344,resnet34_unet_mean_seed2026,mean,2026,val
38,0,0,0,16384,resnet34_unet_mean_seed2026,mean,2026,val
157,6108,72,367,9837,resnet34_unet_mean_seed2026,mean,2026,val
76,5533,985,1162,8704,resnet34_unet_mean_seed2026,mean,2026,val
56,3684,261,284,12155,resnet34_unet_mean_seed2026,mean,2026,val
253,4653,389,1366,9976,resnet34_unet_mean_seed2026,mean,2026,val
150,0,0,38,16346,resnet34_unet_mean_seed2026,mean,2026,val
272,5853,290,473,9768,resnet34_unet_mean_seed2026,mean,2026,val
10,911,98,122,15253,resnet34_unet_mean_seed2026,mean,2026,val
181,1303,113,11,14957,resnet34_unet_mean_seed2026,mean,2026,val
34,2965,240,649,12530,resnet34_unet_mean_seed2026,mean,2026,val
261,42,56,144,16142,resnet34_unet_mean_seed2026,mean,2026,test
299,0,0,0,16384,resnet34_unet_mean_seed2026,mean,2026,test
270,679,794,119,14792,resnet34_unet_mean_seed2026,mean,2026,test
66,1067,153,297,14867,resnet34_unet_mean_seed2026,mean,2026,test
161,5735,864,1180,8605,resnet34_unet_mean_seed2026,mean,2026,test
179,2681,764,2905,10034,resnet34_unet_mean_seed2026,mean,2026,test
127,607,297,958,14522,resnet34_unet_mean_seed2026,mean,2026,test
225,2244,692,3309,10139,resnet34_unet_mean_seed2026,mean,2026,test
63,354,166,191,15673,resnet34_unet_mean_seed2026,mean,2026,test
115,0,0,0,16384,resnet34_unet_mean_seed2026,mean,2026,test
245,8497,562,138,7187,resnet34_unet_mean_seed2026,mean,2026,test
219,8314,3505,834,3731,resnet34_unet_mean_seed2026,mean,2026,test
216,0,0,4,16380,resnet34_unet_mean_seed2026,mean,2026,test
82,0,0,0,16384,resnet34_unet_mean_seed2026,mean,2026,test
124,6419,771,396,8798,resnet34_unet_mean_seed2026,mean,2026,test
131,5427,538,1287,9132,resnet34_unet_mean_seed2026,mean,2026,test
268,5785,936,1551,8112,resnet34_unet_mean_seed2026,mean,2026,test
52,6734,116,324,9210,resnet34_unet_mean_seed2026,mean,2026,test
213,2495,792,434,12663,resnet34_unet_mean_seed2026,mean,2026,test
5,0,0,0,16384,resnet34_unet_mean_seed2026,mean,2026,test
302,0,0,0,16384,resnet34_unet_mean_seed2026,mean,2026,test
129,423,529,371,15061,resnet34_unet_mean_seed2026,mean,2026,test
255,0,0,4,16380,resnet34_unet_mean_seed2026,mean,2026,test
114,7768,4391,991,3234,resnet34_unet_mean_seed2026,mean,2026,test
44,4253,292,966,10873,resnet34_unet_mean_seed2026,mean,2026,test
287,4166,447,1162,10609,resnet34_unet_mean_seed2026,mean,2026,test
134,10112,2309,512,3451,resnet34_unet_mean_seed2026,mean,2026,test
250,4573,518,567,10726,resnet34_unet_mean_seed2026,mean,2026,test
84,1458,386,1648,12892,resnet34_unet_mean_seed2026,mean,2026,test
173,0,0,0,16384,resnet34_unet_mean_seed2026,mean,2026,test
178,667,432,585,14700,resnet34_unet_mean_seed2026,mean,2026,test
83,201,7,52,16124,resnet34_unet_mean_seed2026,mean,2026,test
244,15690,561,44,89,resnet34_unet_mean_seed2026,mean,2026,test
154,4688,799,1582,9315,resnet34_unet_mean_seed2026,mean,2026,test
297,2620,42,266,13456,resnet34_unet_mean_seed2026,mean,2026,test
167,0,0,0,16384,resnet34_unet_mean_seed2026,mean,2026,test
259,19,0,13,16352,resnet34_unet_mean_seed2026,mean,2026,test
49,4439,339,701,10905,resnet34_unet_mean_seed2026,mean,2026,test
91,7379,1981,1971,5053,resnet34_unet_mean_seed2026,mean,2026,test
159,532,22,65,15765,resnet34_unet_mean_seed2026,mean,2026,test
263,9180,184,202,6818,resnet34_unet_mean_seed2026,mean,2026,test
79,398,371,1167,14448,resnet34_unet_mean_seed2026,mean,2026,test
112,22,11,583,15768,resnet34_unet_mean_seed2026,mean,2026,test
72,12,0,21,16351,resnet34_unet_mean_seed2026,mean,2026,test
239,10451,0,163,5770,resnet34_unet_mean_seed2026,mean,2026,test
116,14994,350,79,961,resnet34_unet_mean_seed2026,mean,2026,test
271,0,0,34,16350,resnet34_unet_rgb_zero_extra_seed42,rgb_zero_extra,42,val
172,6588,189,5293,4314,resnet34_unet_rgb_zero_extra_seed42,rgb_zero_extra,42,val
21,0,0,0,16384,resnet34_unet_rgb_zero_extra_seed42,rgb_zero_extra,42,val
109,56,109,131,16088,resnet34_unet_rgb_zero_extra_seed42,rgb_zero_extra,42,val
121,4088,88,1189,11019,resnet34_unet_rgb_zero_extra_seed42,rgb_zero_extra,42,val
285,526,20,86,15752,resnet34_unet_rgb_zero_extra_seed42,rgb_zero_extra,42,val
293,12795,1150,215,2224,resnet34_unet_rgb_zero_extra_seed42,rgb_zero_extra,42,val
64,4709,735,4719,6221,resnet34_unet_rgb_zero_extra_seed42,rgb_zero_extra,42,val
25,47,81,257,15999,resnet34_unet_rgb_zero_extra_seed42,rgb_zero_extra,42,val
164,2975,189,217,13003,resnet34_unet_rgb_zero_extra_seed42,rgb_zero_extra,42,val
286,14586,100,185,1513,resnet34_unet_rgb_zero_extra_seed42,rgb_zero_extra,42,val
41,0,0,0,16384,resnet34_unet_rgb_zero_extra_seed42,rgb_zero_extra,42,val
155,0,0,0,16384,resnet34_unet_rgb_zero_extra_seed42,rgb_zero_extra,42,val
284,0,0,266,16118,resnet34_unet_rgb_zero_extra_seed42,rgb_zero_extra,42,val
189,0,0,0,16384,resnet34_unet_rgb_zero_extra_seed42,rgb_zero_extra,42,val
262,1465,327,1020,13572,resnet34_unet_rgb_zero_extra_seed42,rgb_zero_extra,42,val
43,8832,857,350,6345,resnet34_unet_rgb_zero_extra_seed42,rgb_zero_extra,42,val
75,0,0,0,16384,resnet34_unet_rgb_zero_extra_seed42,rgb_zero_extra,42,val
224,3824,229,223,12108,resnet34_unet_rgb_zero_extra_seed42,rgb_zero_extra,42,val
132,5926,2444,2712,5302,resnet34_unet_rgb_zero_extra_seed42,rgb_zero_extra,42,val
278,0,0,38,16346,resnet34_unet_rgb_zero_extra_seed42,rgb_zero_extra,42,val
142,4114,1501,468,10301,resnet34_unet_rgb_zero_extra_seed42,rgb_zero_extra,42,val
238,3440,572,63,12309,resnet34_unet_rgb_zero_extra_seed42,rgb_zero_extra,42,val
192,442,51,1135,14756,resnet34_unet_rgb_zero_extra_seed42,rgb_zero_extra,42,val
73,16156,154,4,70,resnet34_unet_rgb_zero_extra_seed42,rgb_zero_extra,42,val
33,2,18,36,16328,resnet34_unet_rgb_zero_extra_seed42,rgb_zero_extra,42,val
139,480,45,608,15251,resnet34_unet_rgb_zero_extra_seed42,rgb_zero_extra,42,val
42,12714,601,578,2491,resnet34_unet_rgb_zero_extra_seed42,rgb_zero_extra,42,val
48,38,35,149,16162,resnet34_unet_rgb_zero_extra_seed42,rgb_zero_extra,42,val
3,33,10,838,15503,resnet34_unet_rgb_zero_extra_seed42,rgb_zero_extra,42,val
274,11325,2568,477,2014,resnet34_unet_rgb_zero_extra_seed42,rgb_zero_extra,42,val
6,66,7,213,16098,resnet34_unet_rgb_zero_extra_seed42,rgb_zero_extra,42,val
22,6481,965,1719,7219,resnet34_unet_rgb_zero_extra_seed42,rgb_zero_extra,42,val
57,2,53,2,16327,resnet34_unet_rgb_zero_extra_seed42,rgb_zero_extra,42,val
211,0,0,0,16384,resnet34_unet_rgb_zero_extra_seed42,rgb_zero_extra,42,val
9,6204,1283,601,8296,resnet34_unet_rgb_zero_extra_seed42,rgb_zero_extra,42,val
38,0,0,0,16384,resnet34_unet_rgb_zero_extra_seed42,rgb_zero_extra,42,val
157,6195,129,280,9780,resnet34_unet_rgb_zero_extra_seed42,rgb_zero_extra,42,val
76,5255,698,1440,8991,resnet34_unet_rgb_zero_extra_seed42,rgb_zero_extra,42,val
56,3371,229,597,12187,resnet34_unet_rgb_zero_extra_seed42,rgb_zero_extra,42,val
253,5044,417,975,9948,resnet34_unet_rgb_zero_extra_seed42,rgb_zero_extra,42,val
150,0,0,38,16346,resnet34_unet_rgb_zero_extra_seed42,rgb_zero_extra,42,val
272,5855,294,471,9764,resnet34_unet_rgb_zero_extra_seed42,rgb_zero_extra,42,val
10,866,21,167,15330,resnet34_unet_rgb_zero_extra_seed42,rgb_zero_extra,42,val
181,1294,918,20,14152,resnet34_unet_rgb_zero_extra_seed42,rgb_zero_extra,42,val
34,2750,169,864,12601,resnet34_unet_rgb_zero_extra_seed42,rgb_zero_extra,42,val
261,27,37,159,16161,resnet34_unet_rgb_zero_extra_seed42,rgb_zero_extra,42,test
299,0,0,0,16384,resnet34_unet_rgb_zero_extra_seed42,rgb_zero_extra,42,test
270,688,685,110,14901,resnet34_unet_rgb_zero_extra_seed42,rgb_zero_extra,42,test
66,995,138,369,14882,resnet34_unet_rgb_zero_extra_seed42,rgb_zero_extra,42,test
161,5642,845,1273,8624,resnet34_unet_rgb_zero_extra_seed42,rgb_zero_extra,42,test
179,1776,700,3810,10098,resnet34_unet_rgb_zero_extra_seed42,rgb_zero_extra,42,test
127,387,73,1178,14746,resnet34_unet_rgb_zero_extra_seed42,rgb_zero_extra,42,test
225,2290,1240,3263,9591,resnet34_unet_rgb_zero_extra_seed42,rgb_zero_extra,42,test
63,539,724,6,15115,resnet34_unet_rgb_zero_extra_seed42,rgb_zero_extra,42,test
115,0,1067,0,15317,resnet34_unet_rgb_zero_extra_seed42,rgb_zero_extra,42,test
245,8450,337,185,7412,resnet34_unet_rgb_zero_extra_seed42,rgb_zero_extra,42,test
219,8500,4187,648,3049,resnet34_unet_rgb_zero_extra_seed42,rgb_zero_extra,42,test
216,0,0,4,16380,resnet34_unet_rgb_zero_extra_seed42,rgb_zero_extra,42,test
82,0,0,0,16384,resnet34_unet_rgb_zero_extra_seed42,rgb_zero_extra,42,test
124,6410,752,405,8817,resnet34_unet_rgb_zero_extra_seed42,rgb_zero_extra,42,test
131,5267,647,1447,9023,resnet34_unet_rgb_zero_extra_seed42,rgb_zero_extra,42,test
268,6125,649,1211,8399,resnet34_unet_rgb_zero_extra_seed42,rgb_zero_extra,42,test
52,6657,49,401,9277,resnet34_unet_rgb_zero_extra_seed42,rgb_zero_extra,42,test
213,2501,911,428,12544,resnet34_unet_rgb_zero_extra_seed42,rgb_zero_extra,42,test
5,0,0,0,16384,resnet34_unet_rgb_zero_extra_seed42,rgb_zero_extra,42,test
302,0,0,0,16384,resnet34_unet_rgb_zero_extra_seed42,rgb_zero_extra,42,test
129,689,654,105,14936,resnet34_unet_rgb_zero_extra_seed42,rgb_zero_extra,42,test
255,0,0,4,16380,resnet34_unet_rgb_zero_extra_seed42,rgb_zero_extra,42,test
114,6583,2771,2176,4854,resnet34_unet_rgb_zero_extra_seed42,rgb_zero_extra,42,test
44,4075,158,1144,11007,resnet34_unet_rgb_zero_extra_seed42,rgb_zero_extra,42,test
287,3870,238,1458,10818,resnet34_unet_rgb_zero_extra_seed42,rgb_zero_extra,42,test
134,10363,2653,261,3107,resnet34_unet_rgb_zero_extra_seed42,rgb_zero_extra,42,test
250,4452,564,688,10680,resnet34_unet_rgb_zero_extra_seed42,rgb_zero_extra,42,test
84,1412,73,1694,13205,resnet34_unet_rgb_zero_extra_seed42,rgb_zero_extra,42,test
173,0,0,0,16384,resnet34_unet_rgb_zero_extra_seed42,rgb_zero_extra,42,test
178,635,413,617,14719,resnet34_unet_rgb_zero_extra_seed42,rgb_zero_extra,42,test
83,182,11,71,16120,resnet34_unet_rgb_zero_extra_seed42,rgb_zero_extra,42,test
244,15728,577,6,73,resnet34_unet_rgb_zero_extra_seed42,rgb_zero_extra,42,test
154,4427,584,1843,9530,resnet34_unet_rgb_zero_extra_seed42,rgb_zero_extra,42,test
297,2635,46,251,13452,resnet34_unet_rgb_zero_extra_seed42,rgb_zero_extra,42,test
167,0,0,0,16384,resnet34_unet_rgb_zero_extra_seed42,rgb_zero_extra,42,test
259,12,0,20,16352,resnet34_unet_rgb_zero_extra_seed42,rgb_zero_extra,42,test
49,4585,663,555,10581,resnet34_unet_rgb_zero_extra_seed42,rgb_zero_extra,42,test
91,7738,2885,1612,4149,resnet34_unet_rgb_zero_extra_seed42,rgb_zero_extra,42,test
159,521,20,76,15767,resnet34_unet_rgb_zero_extra_seed42,rgb_zero_extra,42,test
263,9153,225,229,6777,resnet34_unet_rgb_zero_extra_seed42,rgb_zero_extra,42,test
79,694,303,871,14516,resnet34_unet_rgb_zero_extra_seed42,rgb_zero_extra,42,test
112,3,1,602,15778,resnet34_unet_rgb_zero_extra_seed42,rgb_zero_extra,42,test
72,8,0,25,16351,resnet34_unet_rgb_zero_extra_seed42,rgb_zero_extra,42,test
239,10455,3,159,5767,resnet34_unet_rgb_zero_extra_seed42,rgb_zero_extra,42,test
116,14886,256,187,1055,resnet34_unet_rgb_zero_extra_seed42,rgb_zero_extra,42,test
271,0,0,34,16350,resnet34_unet_rgb_zero_extra_seed123,rgb_zero_extra,123,val
172,7877,480,4004,4023,resnet34_unet_rgb_zero_extra_seed123,rgb_zero_extra,123,val
21,0,0,0,16384,resnet34_unet_rgb_zero_extra_seed123,rgb_zero_extra,123,val
109,69,102,118,16095,resnet34_unet_rgb_zero_extra_seed123,rgb_zero_extra,123,val
121,4257,293,1020,10814,resnet34_unet_rgb_zero_extra_seed123,rgb_zero_extra,123,val
285,541,25,71,15747,resnet34_unet_rgb_zero_extra_seed123,rgb_zero_extra,123,val
293,12831,1300,179,2074,resnet34_unet_rgb_zero_extra_seed123,rgb_zero_extra,123,val
64,5365,690,4063,6266,resnet34_unet_rgb_zero_extra_seed123,rgb_zero_extra,123,val
25,52,109,252,15971,resnet34_unet_rgb_zero_extra_seed123,rgb_zero_extra,123,val
164,2981,289,211,12903,resnet34_unet_rgb_zero_extra_seed123,rgb_zero_extra,123,val
286,14647,141,124,1472,resnet34_unet_rgb_zero_extra_seed123,rgb_zero_extra,123,val
41,0,0,0,16384,resnet34_unet_rgb_zero_extra_seed123,rgb_zero_extra,123,val
155,0,0,0,16384,resnet34_unet_rgb_zero_extra_seed123,rgb_zero_extra,123,val
284,35,354,231,15764,resnet34_unet_rgb_zero_extra_seed123,rgb_zero_extra,123,val
189,0,0,0,16384,resnet34_unet_rgb_zero_extra_seed123,rgb_zero_extra,123,val
262,1516,256,969,13643,resnet34_unet_rgb_zero_extra_seed123,rgb_zero_extra,123,val
43,8687,684,495,6518,resnet34_unet_rgb_zero_extra_seed123,rgb_zero_extra,123,val
75,0,0,0,16384,resnet34_unet_rgb_zero_extra_seed123,rgb_zero_extra,123,val
224,3867,310,180,12027,resnet34_unet_rgb_zero_extra_seed123,rgb_zero_extra,123,val
132,5457,1791,3181,5955,resnet34_unet_rgb_zero_extra_seed123,rgb_zero_extra,123,val
278,0,0,38,16346,resnet34_unet_rgb_zero_extra_seed123,rgb_zero_extra,123,val
142,4107,1227,475,10575,resnet34_unet_rgb_zero_extra_seed123,rgb_zero_extra,123,val
238,3406,1854,97,11027,resnet34_unet_rgb_zero_extra_seed123,rgb_zero_extra,123,val
192,531,167,1046,14640,resnet34_unet_rgb_zero_extra_seed123,rgb_zero_extra,123,val
73,16154,142,6,82,resnet34_unet_rgb_zero_extra_seed123,rgb_zero_extra,123,val
33,15,11,23,16335,resnet34_unet_rgb_zero_extra_seed123,rgb_zero_extra,123,val
139,829,274,259,15022,resnet34_unet_rgb_zero_extra_seed123,rgb_zero_extra,123,val
42,12929,986,363,2106,resnet34_unet_rgb_zero_extra_seed123,rgb_zero_extra,123,val
48,33,32,154,16165,resnet34_unet_rgb_zero_extra_seed123,rgb_zero_extra,123,val
3,45,38,826,15475,resnet34_unet_rgb_zero_extra_seed123,rgb_zero_extra,123,val
274,11037,2147,765,2435,resnet34_unet_rgb_zero_extra_seed123,rgb_zero_extra,123,val
6,134,19,145,16086,resnet34_unet_rgb_zero_extra_seed123,rgb_zero_extra,123,val
22,7117,1526,1083,6658,resnet34_unet_rgb_zero_extra_seed123,rgb_zero_extra,123,val
57,0,14,4,16366,resnet34_unet_rgb_zero_extra_seed123,rgb_zero_extra,123,val
211,0,0,0,16384,resnet34_unet_rgb_zero_extra_seed123,rgb_zero_extra,123,val
9,6422,1398,383,8181,resnet34_unet_rgb_zero_extra_seed123,rgb_zero_extra,123,val
38,0,0,0,16384,resnet34_unet_rgb_zero_extra_seed123,rgb_zero_extra,123,val
157,6119,131,356,9778,resnet34_unet_rgb_zero_extra_seed123,rgb_zero_extra,123,val
76,5446,1091,1249,8598,resnet34_unet_rgb_zero_extra_seed123,rgb_zero_extra,123,val
56,3564,183,404,12233,resnet34_unet_rgb_zero_extra_seed123,rgb_zero_extra,123,val
253,5543,503,476,9862,resnet34_unet_rgb_zero_extra_seed123,rgb_zero_extra,123,val
150,0,0,38,16346,resnet34_unet_rgb_zero_extra_seed123,rgb_zero_extra,123,val
272,5895,313,431,9745,resnet34_unet_rgb_zero_extra_seed123,rgb_zero_extra,123,val
10,905,40,128,15311,resnet34_unet_rgb_zero_extra_seed123,rgb_zero_extra,123,val
181,1298,433,16,14637,resnet34_unet_rgb_zero_extra_seed123,rgb_zero_extra,123,val
34,2886,98,728,12672,resnet34_unet_rgb_zero_extra_seed123,rgb_zero_extra,123,val
261,44,47,142,16151,resnet34_unet_rgb_zero_extra_seed123,rgb_zero_extra,123,test
299,0,0,0,16384,resnet34_unet_rgb_zero_extra_seed123,rgb_zero_extra,123,test
270,708,726,90,14860,resnet34_unet_rgb_zero_extra_seed123,rgb_zero_extra,123,test
66,1131,165,233,14855,resnet34_unet_rgb_zero_extra_seed123,rgb_zero_extra,123,test
161,5616,889,1299,8580,resnet34_unet_rgb_zero_extra_seed123,rgb_zero_extra,123,test
179,1861,327,3725,10471,resnet34_unet_rgb_zero_extra_seed123,rgb_zero_extra,123,test
127,288,69,1277,14750,resnet34_unet_rgb_zero_extra_seed123,rgb_zero_extra,123,test
225,2279,1005,3274,9826,resnet34_unet_rgb_zero_extra_seed123,rgb_zero_extra,123,test
63,539,509,6,15330,resnet34_unet_rgb_zero_extra_seed123,rgb_zero_extra,123,test
115,0,0,0,16384,resnet34_unet_rgb_zero_extra_seed123,rgb_zero_extra,123,test
245,8538,529,97,7220,resnet34_unet_rgb_zero_extra_seed123,rgb_zero_extra,123,test
219,8668,4137,480,3099,resnet34_unet_rgb_zero_extra_seed123,rgb_zero_extra,123,test
216,2,97,2,16283,resnet34_unet_rgb_zero_extra_seed123,rgb_zero_extra,123,test
82,0,0,0,16384,resnet34_unet_rgb_zero_extra_seed123,rgb_zero_extra,123,test
124,6448,720,367,8849,resnet34_unet_rgb_zero_extra_seed123,rgb_zero_extra,123,test
131,5674,1002,1040,8668,resnet34_unet_rgb_zero_extra_seed123,rgb_zero_extra,123,test
268,5826,431,1510,8617,resnet34_unet_rgb_zero_extra_seed123,rgb_zero_extra,123,test
52,6723,97,335,9229,resnet34_unet_rgb_zero_extra_seed123,rgb_zero_extra,123,test
213,2546,1009,383,12446,resnet34_unet_rgb_zero_extra_seed123,rgb_zero_extra,123,test
5,0,0,0,16384,resnet34_unet_rgb_zero_extra_seed123,rgb_zero_extra,123,test
302,0,0,0,16384,resnet34_unet_rgb_zero_extra_seed123,rgb_zero_extra,123,test
129,687,662,107,14928,resnet34_unet_rgb_zero_extra_seed123,rgb_zero_extra,123,test
255,0,69,4,16311,resnet34_unet_rgb_zero_extra_seed123,rgb_zero_extra,123,test
114,6433,2622,2326,5003,resnet34_unet_rgb_zero_extra_seed123,rgb_zero_extra,123,test
44,4030,176,1189,10989,resnet34_unet_rgb_zero_extra_seed123,rgb_zero_extra,123,test
287,4043,401,1285,10655,resnet34_unet_rgb_zero_extra_seed123,rgb_zero_extra,123,test
134,10270,2598,354,3162,resnet34_unet_rgb_zero_extra_seed123,rgb_zero_extra,123,test
250,4588,657,552,10587,resnet34_unet_rgb_zero_extra_seed123,rgb_zero_extra,123,test
84,1620,516,1486,12762,resnet34_unet_rgb_zero_extra_seed123,rgb_zero_extra,123,test
173,0,0,0,16384,resnet34_unet_rgb_zero_extra_seed123,rgb_zero_extra,123,test
178,616,364,636,14768,resnet34_unet_rgb_zero_extra_seed123,rgb_zero_extra,123,test
83,188,7,65,16124,resnet34_unet_rgb_zero_extra_seed123,rgb_zero_extra,123,test
244,15696,553,38,97,resnet34_unet_rgb_zero_extra_seed123,rgb_zero_extra,123,test
154,4662,687,1608,9427,resnet34_unet_rgb_zero_extra_seed123,rgb_zero_extra,123,test
297,2522,38,364,13460,resnet34_unet_rgb_zero_extra_seed123,rgb_zero_extra,123,test
167,0,0,0,16384,resnet34_unet_rgb_zero_extra_seed123,rgb_zero_extra,123,test
259,22,0,10,16352,resnet34_unet_rgb_zero_extra_seed123,rgb_zero_extra,123,test
49,4531,622,609,10622,resnet34_unet_rgb_zero_extra_seed123,rgb_zero_extra,123,test
91,7658,2539,1692,4495,resnet34_unet_rgb_zero_extra_seed123,rgb_zero_extra,123,test
159,540,27,57,15760,resnet34_unet_rgb_zero_extra_seed123,rgb_zero_extra,123,test
263,9182,226,200,6776,resnet34_unet_rgb_zero_extra_seed123,rgb_zero_extra,123,test
79,295,199,1270,14620,resnet34_unet_rgb_zero_extra_seed123,rgb_zero_extra,123,test
112,228,203,377,15576,resnet34_unet_rgb_zero_extra_seed123,rgb_zero_extra,123,test
72,20,2,13,16349,resnet34_unet_rgb_zero_extra_seed123,rgb_zero_extra,123,test
239,10419,0,195,5770,resnet34_unet_rgb_zero_extra_seed123,rgb_zero_extra,123,test
116,14802,197,271,1114,resnet34_unet_rgb_zero_extra_seed123,rgb_zero_extra,123,test
271,0,0,34,16350,resnet34_unet_rgb_zero_extra_seed2026,rgb_zero_extra,2026,val
172,8716,483,3165,4020,resnet34_unet_rgb_zero_extra_seed2026,rgb_zero_extra,2026,val
21,0,0,0,16384,resnet34_unet_rgb_zero_extra_seed2026,rgb_zero_extra,2026,val
109,12,10,175,16187,resnet34_unet_rgb_zero_extra_seed2026,rgb_zero_extra,2026,val
121,4317,183,960,10924,resnet34_unet_rgb_zero_extra_seed2026,rgb_zero_extra,2026,val
285,519,23,93,15749,resnet34_unet_rgb_zero_extra_seed2026,rgb_zero_extra,2026,val
293,12950,1656,60,1718,resnet34_unet_rgb_zero_extra_seed2026,rgb_zero_extra,2026,val
64,6508,980,2920,5976,resnet34_unet_rgb_zero_extra_seed2026,rgb_zero_extra,2026,val
25,51,101,253,15979,resnet34_unet_rgb_zero_extra_seed2026,rgb_zero_extra,2026,val
164,2967,88,225,13104,resnet34_unet_rgb_zero_extra_seed2026,rgb_zero_extra,2026,val
286,14707,218,64,1395,resnet34_unet_rgb_zero_extra_seed2026,rgb_zero_extra,2026,val
41,0,0,0,16384,resnet34_unet_rgb_zero_extra_seed2026,rgb_zero_extra,2026,val
155,0,0,0,16384,resnet34_unet_rgb_zero_extra_seed2026,rgb_zero_extra,2026,val
284,0,0,266,16118,resnet34_unet_rgb_zero_extra_seed2026,rgb_zero_extra,2026,val
189,0,0,0,16384,resnet34_unet_rgb_zero_extra_seed2026,rgb_zero_extra,2026,val
262,1394,212,1091,13687,resnet34_unet_rgb_zero_extra_seed2026,rgb_zero_extra,2026,val
43,8855,825,327,6377,resnet34_unet_rgb_zero_extra_seed2026,rgb_zero_extra,2026,val
75,0,0,0,16384,resnet34_unet_rgb_zero_extra_seed2026,rgb_zero_extra,2026,val
224,3917,549,130,11788,resnet34_unet_rgb_zero_extra_seed2026,rgb_zero_extra,2026,val
132,7050,3677,1588,4069,resnet34_unet_rgb_zero_extra_seed2026,rgb_zero_extra,2026,val
278,0,0,38,16346,resnet34_unet_rgb_zero_extra_seed2026,rgb_zero_extra,2026,val
142,4479,2154,103,9648,resnet34_unet_rgb_zero_extra_seed2026,rgb_zero_extra,2026,val
238,3434,729,69,12152,resnet34_unet_rgb_zero_extra_seed2026,rgb_zero_extra,2026,val
192,397,28,1180,14779,resnet34_unet_rgb_zero_extra_seed2026,rgb_zero_extra,2026,val
73,16157,147,3,77,resnet34_unet_rgb_zero_extra_seed2026,rgb_zero_extra,2026,val
33,0,0,38,16346,resnet34_unet_rgb_zero_extra_seed2026,rgb_zero_extra,2026,val
139,442,55,646,15241,resnet34_unet_rgb_zero_extra_seed2026,rgb_zero_extra,2026,val
42,13011,1306,281,1786,resnet34_unet_rgb_zero_extra_seed2026,rgb_zero_extra,2026,val
48,10,7,177,16190,resnet34_unet_rgb_zero_extra_seed2026,rgb_zero_extra,2026,val
3,18,11,853,15502,resnet34_unet_rgb_zero_extra_seed2026,rgb_zero_extra,2026,val
274,11609,3507,193,1075,resnet34_unet_rgb_zero_extra_seed2026,rgb_zero_extra,2026,val
6,98,6,181,16099,resnet34_unet_rgb_zero_extra_seed2026,rgb_zero_extra,2026,val
22,7534,2557,666,5627,resnet34_unet_rgb_zero_extra_seed2026,rgb_zero_extra,2026,val
57,0,0,4,16380,resnet34_unet_rgb_zero_extra_seed2026,rgb_zero_extra,2026,val
211,0,0,0,16384,resnet34_unet_rgb_zero_extra_seed2026,rgb_zero_extra,2026,val
9,6220,1169,585,8410,resnet34_unet_rgb_zero_extra_seed2026,rgb_zero_extra,2026,val
38,0,0,0,16384,resnet34_unet_rgb_zero_extra_seed2026,rgb_zero_extra,2026,val
157,5997,55,478,9854,resnet34_unet_rgb_zero_extra_seed2026,rgb_zero_extra,2026,val
76,6055,1355,640,8334,resnet34_unet_rgb_zero_extra_seed2026,rgb_zero_extra,2026,val
56,3166,206,802,12210,resnet34_unet_rgb_zero_extra_seed2026,rgb_zero_extra,2026,val
253,5031,348,988,10017,resnet34_unet_rgb_zero_extra_seed2026,rgb_zero_extra,2026,val
150,0,0,38,16346,resnet34_unet_rgb_zero_extra_seed2026,rgb_zero_extra,2026,val
272,5989,450,337,9608,resnet34_unet_rgb_zero_extra_seed2026,rgb_zero_extra,2026,val
10,853,11,180,15340,resnet34_unet_rgb_zero_extra_seed2026,rgb_zero_extra,2026,val
181,1294,1535,20,13535,resnet34_unet_rgb_zero_extra_seed2026,rgb_zero_extra,2026,val
34,2781,208,833,12562,resnet34_unet_rgb_zero_extra_seed2026,rgb_zero_extra,2026,val
261,7,1,179,16197,resnet34_unet_rgb_zero_extra_seed2026,rgb_zero_extra,2026,test
299,0,0,0,16384,resnet34_unet_rgb_zero_extra_seed2026,rgb_zero_extra,2026,test
270,710,782,88,14804,resnet34_unet_rgb_zero_extra_seed2026,rgb_zero_extra,2026,test
66,1328,381,36,14639,resnet34_unet_rgb_zero_extra_seed2026,rgb_zero_extra,2026,test
161,5784,1302,1131,8167,resnet34_unet_rgb_zero_extra_seed2026,rgb_zero_extra,2026,test
179,3729,1762,1857,9036,resnet34_unet_rgb_zero_extra_seed2026,rgb_zero_extra,2026,test
127,519,143,1046,14676,resnet34_unet_rgb_zero_extra_seed2026,rgb_zero_extra,2026,test
225,3711,2387,1842,8444,resnet34_unet_rgb_zero_extra_seed2026,rgb_zero_extra,2026,test
63,47,8,498,15831,resnet34_unet_rgb_zero_extra_seed2026,rgb_zero_extra,2026,test
115,0,771,0,15613,resnet34_unet_rgb_zero_extra_seed2026,rgb_zero_extra,2026,test
245,8422,199,213,7550,resnet34_unet_rgb_zero_extra_seed2026,rgb_zero_extra,2026,test
219,8816,4292,332,2944,resnet34_unet_rgb_zero_extra_seed2026,rgb_zero_extra,2026,test
216,0,0,4,16380,resnet34_unet_rgb_zero_extra_seed2026,rgb_zero_extra,2026,test
82,0,0,0,16384,resnet34_unet_rgb_zero_extra_seed2026,rgb_zero_extra,2026,test
124,6538,896,277,8673,resnet34_unet_rgb_zero_extra_seed2026,rgb_zero_extra,2026,test
131,5101,1271,1613,8399,resnet34_unet_rgb_zero_extra_seed2026,rgb_zero_extra,2026,test
268,5972,738,1364,8310,resnet34_unet_rgb_zero_extra_seed2026,rgb_zero_extra,2026,test
52,6813,159,245,9167,resnet34_unet_rgb_zero_extra_seed2026,rgb_zero_extra,2026,test
213,2494,1047,435,12408,resnet34_unet_rgb_zero_extra_seed2026,rgb_zero_extra,2026,test
5,0,0,0,16384,resnet34_unet_rgb_zero_extra_seed2026,rgb_zero_extra,2026,test
302,0,0,0,16384,resnet34_unet_rgb_zero_extra_seed2026,rgb_zero_extra,2026,test
129,735,823,59,14767,resnet34_unet_rgb_zero_extra_seed2026,rgb_zero_extra,2026,test
255,0,0,4,16380,resnet34_unet_rgb_zero_extra_seed2026,rgb_zero_extra,2026,test
114,8154,4711,605,2914,resnet34_unet_rgb_zero_extra_seed2026,rgb_zero_extra,2026,test
44,4140,223,1079,10942,resnet34_unet_rgb_zero_extra_seed2026,rgb_zero_extra,2026,test
287,4051,365,1277,10691,resnet34_unet_rgb_zero_extra_seed2026,rgb_zero_extra,2026,test
134,10471,2865,153,2895,resnet34_unet_rgb_zero_extra_seed2026,rgb_zero_extra,2026,test
250,4587,735,553,10509,resnet34_unet_rgb_zero_extra_seed2026,rgb_zero_extra,2026,test
84,1550,203,1556,13075,resnet34_unet_rgb_zero_extra_seed2026,rgb_zero_extra,2026,test
173,0,0,0,16384,resnet34_unet_rgb_zero_extra_seed2026,rgb_zero_extra,2026,test
178,337,64,915,15068,resnet34_unet_rgb_zero_extra_seed2026,rgb_zero_extra,2026,test
83,156,3,97,16128,resnet34_unet_rgb_zero_extra_seed2026,rgb_zero_extra,2026,test
244,15729,567,5,83,resnet34_unet_rgb_zero_extra_seed2026,rgb_zero_extra,2026,test
154,5090,1753,1180,8361,resnet34_unet_rgb_zero_extra_seed2026,rgb_zero_extra,2026,test
297,2506,75,380,13423,resnet34_unet_rgb_zero_extra_seed2026,rgb_zero_extra,2026,test
167,0,0,0,16384,resnet34_unet_rgb_zero_extra_seed2026,rgb_zero_extra,2026,test
259,7,0,25,16352,resnet34_unet_rgb_zero_extra_seed2026,rgb_zero_extra,2026,test
49,4522,663,618,10581,resnet34_unet_rgb_zero_extra_seed2026,rgb_zero_extra,2026,test
91,5902,929,3448,6105,resnet34_unet_rgb_zero_extra_seed2026,rgb_zero_extra,2026,test
159,508,21,89,15766,resnet34_unet_rgb_zero_extra_seed2026,rgb_zero_extra,2026,test
263,9225,303,157,6699,resnet34_unet_rgb_zero_extra_seed2026,rgb_zero_extra,2026,test
79,588,355,977,14464,resnet34_unet_rgb_zero_extra_seed2026,rgb_zero_extra,2026,test
112,8,2,597,15777,resnet34_unet_rgb_zero_extra_seed2026,rgb_zero_extra,2026,test
72,0,0,33,16351,resnet34_unet_rgb_zero_extra_seed2026,rgb_zero_extra,2026,test
239,10474,2,140,5768,resnet34_unet_rgb_zero_extra_seed2026,rgb_zero_extra,2026,test
116,14878,289,195,1022,resnet34_unet_rgb_zero_extra_seed2026,rgb_zero_extra,2026,test
271,0,0,34,16350,resnet34_unet_random_init_seed42,random_init,42,val
172,6261,61,5620,4442,resnet34_unet_random_init_seed42,random_init,42,val
21,0,0,0,16384,resnet34_unet_random_init_seed42,random_init,42,val
109,49,367,138,15830,resnet34_unet_random_init_seed42,random_init,42,val
121,4308,1909,969,9198,resnet34_unet_random_init_seed42,random_init,42,val
285,552,22,60,15750,resnet34_unet_random_init_seed42,random_init,42,val
293,12809,1283,201,2091,resnet34_unet_random_init_seed42,random_init,42,val
64,6537,1561,2891,5395,resnet34_unet_random_init_seed42,random_init,42,val
25,53,295,251,15785,resnet34_unet_random_init_seed42,random_init,42,val
164,2973,171,219,13021,resnet34_unet_random_init_seed42,random_init,42,val
286,14628,112,143,1501,resnet34_unet_random_init_seed42,random_init,42,val
41,0,0,0,16384,resnet34_unet_random_init_seed42,random_init,42,val
155,0,0,0,16384,resnet34_unet_random_init_seed42,random_init,42,val
284,20,141,246,15977,resnet34_unet_random_init_seed42,random_init,42,val
189,0,0,0,16384,resnet34_unet_random_init_seed42,random_init,42,val
262,1332,213,1153,13686,resnet34_unet_random_init_seed42,random_init,42,val
43,8766,699,416,6503,resnet34_unet_random_init_seed42,random_init,42,val
75,0,0,0,16384,resnet34_unet_random_init_seed42,random_init,42,val
224,3198,1383,849,10954,resnet34_unet_random_init_seed42,random_init,42,val
132,4599,1172,4039,6574,resnet34_unet_random_init_seed42,random_init,42,val
278,0,46,38,16300,resnet34_unet_random_init_seed42,random_init,42,val
142,3507,725,1075,11077,resnet34_unet_random_init_seed42,random_init,42,val
238,3415,190,88,12691,resnet34_unet_random_init_seed42,random_init,42,val
192,392,16,1185,14791,resnet34_unet_random_init_seed42,random_init,42,val
73,16155,167,5,57,resnet34_unet_random_init_seed42,random_init,42,val
33,19,35,19,16311,resnet34_unet_random_init_seed42,random_init,42,val
139,167,14,921,15282,resnet34_unet_random_init_seed42,random_init,42,val
42,12883,1183,409,1909,resnet34_unet_random_init_seed42,random_init,42,val
48,52,548,135,15649,resnet34_unet_random_init_seed42,random_init,42,val
3,48,55,823,15458,resnet34_unet_random_init_seed42,random_init,42,val
274,10932,2267,870,2315,resnet34_unet_random_init_seed42,random_init,42,val
6,139,29,140,16076,resnet34_unet_random_init_seed42,random_init,42,val
22,6308,742,1892,7442,resnet34_unet_random_init_seed42,random_init,42,val
57,2,76,2,16304,resnet34_unet_random_init_seed42,random_init,42,val
211,0,0,0,16384,resnet34_unet_random_init_seed42,random_init,42,val
9,6554,1452,251,8127,resnet34_unet_random_init_seed42,random_init,42,val
38,0,0,0,16384,resnet34_unet_random_init_seed42,random_init,42,val
157,5724,73,751,9836,resnet34_unet_random_init_seed42,random_init,42,val
76,4796,736,1899,8953,resnet34_unet_random_init_seed42,random_init,42,val
56,3140,720,828,11696,resnet34_unet_random_init_seed42,random_init,42,val
253,3563,155,2456,10210,resnet34_unet_random_init_seed42,random_init,42,val
150,0,0,38,16346,resnet34_unet_random_init_seed42,random_init,42,val
272,5863,311,463,9747,resnet34_unet_random_init_seed42,random_init,42,val
10,945,157,88,15194,resnet34_unet_random_init_seed42,random_init,42,val
181,1212,15,102,15055,resnet34_unet_random_init_seed42,random_init,42,val
34,2676,996,938,11774,resnet34_unet_random_init_seed42,random_init,42,val
261,42,102,144,16096,resnet34_unet_random_init_seed42,random_init,42,test
299,0,0,0,16384,resnet34_unet_random_init_seed42,random_init,42,test
270,55,33,743,15553,resnet34_unet_random_init_seed42,random_init,42,test
66,1027,130,337,14890,resnet34_unet_random_init_seed42,random_init,42,test
161,5563,4817,1352,4652,resnet34_unet_random_init_seed42,random_init,42,test
179,1801,751,3785,10047,resnet34_unet_random_init_seed42,random_init,42,test
127,945,1253,620,13566,resnet34_unet_random_init_seed42,random_init,42,test
225,1863,1391,3690,9440,resnet34_unet_random_init_seed42,random_init,42,test
63,46,42,499,15797,resnet34_unet_random_init_seed42,random_init,42,test
115,0,3955,0,12429,resnet34_unet_random_init_seed42,random_init,42,test
245,8462,329,173,7420,resnet34_unet_random_init_seed42,random_init,42,test
219,7374,2662,1774,4574,resnet34_unet_random_init_seed42,random_init,42,test
216,0,192,4,16188,resnet34_unet_random_init_seed42,random_init,42,test
82,0,0,0,16384,resnet34_unet_random_init_seed42,random_init,42,test
124,6322,784,493,8785,resnet34_unet_random_init_seed42,random_init,42,test
131,5434,1969,1280,7701,resnet34_unet_random_init_seed42,random_init,42,test
268,6701,1701,635,7347,resnet34_unet_random_init_seed42,random_init,42,test
52,6853,995,205,8331,resnet34_unet_random_init_seed42,random_init,42,test
213,2465,840,464,12615,resnet34_unet_random_init_seed42,random_init,42,test
5,0,0,0,16384,resnet34_unet_random_init_seed42,random_init,42,test
302,0,157,0,16227,resnet34_unet_random_init_seed42,random_init,42,test
129,48,73,746,15517,resnet34_unet_random_init_seed42,random_init,42,test
255,0,295,4,16085,resnet34_unet_random_init_seed42,random_init,42,test
114,3552,246,5207,7379,resnet34_unet_random_init_seed42,random_init,42,test
44,4180,1857,1039,9308,resnet34_unet_random_init_seed42,random_init,42,test
287,3804,587,1524,10469,resnet34_unet_random_init_seed42,random_init,42,test
134,10465,2977,159,2783,resnet34_unet_random_init_seed42,random_init,42,test
250,4148,217,992,11027,resnet34_unet_random_init_seed42,random_init,42,test
84,1351,27,1755,13251,resnet34_unet_random_init_seed42,random_init,42,test
173,0,0,0,16384,resnet34_unet_random_init_seed42,random_init,42,test
178,383,629,869,14503,resnet34_unet_random_init_seed42,random_init,42,test
83,223,18,30,16113,resnet34_unet_random_init_seed42,random_init,42,test
244,15707,542,27,108,resnet34_unet_random_init_seed42,random_init,42,test
154,3857,453,2413,9661,resnet34_unet_random_init_seed42,random_init,42,test
297,2361,303,525,13195,resnet34_unet_random_init_seed42,random_init,42,test
167,0,0,0,16384,resnet34_unet_random_init_seed42,random_init,42,test
259,21,0,11,16352,resnet34_unet_random_init_seed42,random_init,42,test
49,4093,227,1047,11017,resnet34_unet_random_init_seed42,random_init,42,test
91,3038,142,6312,6892,resnet34_unet_random_init_seed42,random_init,42,test
159,550,21,47,15766,resnet34_unet_random_init_seed42,random_init,42,test
263,9246,212,136,6790,resnet34_unet_random_init_seed42,random_init,42,test
79,455,108,1110,14711,resnet34_unet_random_init_seed42,random_init,42,test
112,23,16,582,15763,resnet34_unet_random_init_seed42,random_init,42,test
72,20,0,13,16351,resnet34_unet_random_init_seed42,random_init,42,test
239,10501,5,113,5765,resnet34_unet_random_init_seed42,random_init,42,test
116,14864,257,209,1054,resnet34_unet_random_init_seed42,random_init,42,test
271,0,0,34,16350,resnet34_unet_random_init_seed123,random_init,123,val
172,7894,342,3987,4161,resnet34_unet_random_init_seed123,random_init,123,val
21,0,0,0,16384,resnet34_unet_random_init_seed123,random_init,123,val
109,53,83,134,16114,resnet34_unet_random_init_seed123,random_init,123,val
121,4322,348,955,10759,resnet34_unet_random_init_seed123,random_init,123,val
285,555,32,57,15740,resnet34_unet_random_init_seed123,random_init,123,val
293,12763,1117,247,2257,resnet34_unet_random_init_seed123,random_init,123,val
64,8126,2712,1302,4244,resnet34_unet_random_init_seed123,random_init,123,val
25,53,161,251,15919,resnet34_unet_random_init_seed123,random_init,123,val
164,2978,247,214,12945,resnet34_unet_random_init_seed123,random_init,123,val
286,14583,95,188,1518,resnet34_unet_random_init_seed123,random_init,123,val
41,0,0,0,16384,resnet34_unet_random_init_seed123,random_init,123,val
155,0,0,0,16384,resnet34_unet_random_init_seed123,random_init,123,val
284,13,100,253,16018,resnet34_unet_random_init_seed123,random_init,123,val
189,0,0,0,16384,resnet34_unet_random_init_seed123,random_init,123,val
262,1289,132,1196,13767,resnet34_unet_random_init_seed123,random_init,123,val
43,8759,677,423,6525,resnet34_unet_random_init_seed123,random_init,123,val
75,0,0,0,16384,resnet34_unet_random_init_seed123,random_init,123,val
224,3803,358,244,11979,resnet34_unet_random_init_seed123,random_init,123,val
132,5415,1904,3223,5842,resnet34_unet_random_init_seed123,random_init,123,val
278,0,40,38,16306,resnet34_unet_random_init_seed123,random_init,123,val
142,3826,734,756,11068,resnet34_unet_random_init_seed123,random_init,123,val
238,3349,138,154,12743,resnet34_unet_random_init_seed123,random_init,123,val
192,403,10,1174,14797,resnet34_unet_random_init_seed123,random_init,123,val
73,16156,168,4,56,resnet34_unet_random_init_seed123,random_init,123,val
33,20,7,18,16339,resnet34_unet_random_init_seed123,random_init,123,val
139,167,16,921,15280,resnet34_unet_random_init_seed123,random_init,123,val
42,12842,933,450,2159,resnet34_unet_random_init_seed123,random_init,123,val
48,56,141,131,16056,resnet34_unet_random_init_seed123,random_init,123,val
3,37,16,834,15497,resnet34_unet_random_init_seed123,random_init,123,val
274,9960,1654,1842,2928,resnet34_unet_random_init_seed123,random_init,123,val
6,122,11,157,16094,resnet34_unet_random_init_seed123,random_init,123,val
22,6077,690,2123,7494,resnet34_unet_random_init_seed123,random_init,123,val
57,1,16,3,16364,resnet34_unet_random_init_seed123,random_init,123,val
211,0,0,0,16384,resnet34_unet_random_init_seed123,random_init,123,val
9,6543,1539,262,8040,resnet34_unet_random_init_seed123,random_init,123,val
38,0,0,0,16384,resnet34_unet_random_init_seed123,random_init,123,val
157,5695,43,780,9866,resnet34_unet_random_init_seed123,random_init,123,val
76,5262,1115,1433,8574,resnet34_unet_random_init_seed123,random_init,123,val
56,3172,429,796,11987,resnet34_unet_random_init_seed123,random_init,123,val
253,3296,60,2723,10305,resnet34_unet_random_init_seed123,random_init,123,val
150,0,0,38,16346,resnet34_unet_random_init_seed123,random_init,123,val
272,5966,261,360,9797,resnet34_unet_random_init_seed123,random_init,123,val
10,915,82,118,15269,resnet34_unet_random_init_seed123,random_init,123,val
181,1280,48,34,15022,resnet34_unet_random_init_seed123,random_init,123,val
34,3031,355,583,12415,resnet34_unet_random_init_seed123,random_init,123,val
261,45,51,141,16147,resnet34_unet_random_init_seed123,random_init,123,test
299,0,0,0,16384,resnet34_unet_random_init_seed123,random_init,123,test
270,41,15,757,15571,resnet34_unet_random_init_seed123,random_init,123,test
66,1097,153,267,14867,resnet34_unet_random_init_seed123,random_init,123,test
161,5214,1649,1701,7820,resnet34_unet_random_init_seed123,random_init,123,test
179,2829,1059,2757,9739,resnet34_unet_random_init_seed123,random_init,123,test
127,599,998,966,13821,resnet34_unet_random_init_seed123,random_init,123,test
225,2481,988,3072,9843,resnet34_unet_random_init_seed123,random_init,123,test
63,46,17,499,15822,resnet34_unet_random_init_seed123,random_init,123,test
115,0,0,0,16384,resnet34_unet_random_init_seed123,random_init,123,test
245,8522,392,113,7357,resnet34_unet_random_init_seed123,random_init,123,test
219,8587,3732,561,3504,resnet34_unet_random_init_seed123,random_init,123,test
216,3,60,1,16320,resnet34_unet_random_init_seed123,random_init,123,test
82,0,0,0,16384,resnet34_unet_random_init_seed123,random_init,123,test
124,6271,464,544,9105,resnet34_unet_random_init_seed123,random_init,123,test
131,5309,989,1405,8681,resnet34_unet_random_init_seed123,random_init,123,test
268,6779,2272,557,6776,resnet34_unet_random_init_seed123,random_init,123,test
52,6662,104,396,9222,resnet34_unet_random_init_seed123,random_init,123,test
213,2370,704,559,12751,resnet34_unet_random_init_seed123,random_init,123,test
5,0,0,0,16384,resnet34_unet_random_init_seed123,random_init,123,test
302,0,0,0,16384,resnet34_unet_random_init_seed123,random_init,123,test
129,41,16,753,15574,resnet34_unet_random_init_seed123,random_init,123,test
255,3,337,1,16043,resnet34_unet_random_init_seed123,random_init,123,test
114,3175,39,5584,7586,resnet34_unet_random_init_seed123,random_init,123,test
44,4110,153,1109,11012,resnet34_unet_random_init_seed123,random_init,123,test
287,3897,932,1431,10124,resnet34_unet_random_init_seed123,random_init,123,test
134,10381,2769,243,2991,resnet34_unet_random_init_seed123,random_init,123,test
250,4538,527,602,10717,resnet34_unet_random_init_seed123,random_init,123,test
84,1342,15,1764,13263,resnet34_unet_random_init_seed123,random_init,123,test
173,0,0,0,16384,resnet34_unet_random_init_seed123,random_init,123,test
178,378,282,874,14850,resnet34_unet_random_init_seed123,random_init,123,test
83,221,8,32,16123,resnet34_unet_random_init_seed123,random_init,123,test
244,15725,566,9,84,resnet34_unet_random_init_seed123,random_init,123,test
154,4036,559,2234,9555,resnet34_unet_random_init_seed123,random_init,123,test
297,2347,144,539,13354,resnet34_unet_random_init_seed123,random_init,123,test
167,0,0,0,16384,resnet34_unet_random_init_seed123,random_init,123,test
259,13,0,19,16352,resnet34_unet_random_init_seed123,random_init,123,test
49,4518,434,622,10810,resnet34_unet_random_init_seed123,random_init,123,test
91,7373,2378,1977,4656,resnet34_unet_random_init_seed123,random_init,123,test
159,548,29,49,15758,resnet34_unet_random_init_seed123,random_init,123,test
263,9151,187,231,6815,resnet34_unet_random_init_seed123,random_init,123,test
79,611,360,954,14459,resnet34_unet_random_init_seed123,random_init,123,test
112,23,16,582,15763,resnet34_unet_random_init_seed123,random_init,123,test
72,13,0,20,16351,resnet34_unet_random_init_seed123,random_init,123,test
239,10447,0,167,5770,resnet34_unet_random_init_seed123,random_init,123,test
116,14937,284,136,1027,resnet34_unet_random_init_seed123,random_init,123,test
271,0,0,34,16350,resnet34_unet_random_init_seed2026,random_init,2026,val
172,6936,249,4945,4254,resnet34_unet_random_init_seed2026,random_init,2026,val
21,0,0,0,16384,resnet34_unet_random_init_seed2026,random_init,2026,val
109,31,50,156,16147,resnet34_unet_random_init_seed2026,random_init,2026,val
121,4320,1342,957,9765,resnet34_unet_random_init_seed2026,random_init,2026,val
285,546,22,66,15750,resnet34_unet_random_init_seed2026,random_init,2026,val
293,12897,1381,113,1993,resnet34_unet_random_init_seed2026,random_init,2026,val
64,5226,1187,4202,5769,resnet34_unet_random_init_seed2026,random_init,2026,val
25,53,167,251,15913,resnet34_unet_random_init_seed2026,random_init,2026,val
164,2971,178,221,13014,resnet34_unet_random_init_seed2026,random_init,2026,val
286,14679,189,92,1424,resnet34_unet_random_init_seed2026,random_init,2026,val
41,0,0,0,16384,resnet34_unet_random_init_seed2026,random_init,2026,val
155,0,0,0,16384,resnet34_unet_random_init_seed2026,random_init,2026,val
284,3,9,263,16109,resnet34_unet_random_init_seed2026,random_init,2026,val
189,0,0,0,16384,resnet34_unet_random_init_seed2026,random_init,2026,val
262,1396,404,1089,13495,resnet34_unet_random_init_seed2026,random_init,2026,val
43,8867,841,315,6361,resnet34_unet_random_init_seed2026,random_init,2026,val
75,0,0,0,16384,resnet34_unet_random_init_seed2026,random_init,2026,val
224,3213,781,834,11556,resnet34_unet_random_init_seed2026,random_init,2026,val
132,5573,1505,3065,6241,resnet34_unet_random_init_seed2026,random_init,2026,val
278,0,3,38,16343,resnet34_unet_random_init_seed2026,random_init,2026,val
142,3355,603,1227,11199,resnet34_unet_random_init_seed2026,random_init,2026,val
238,3407,254,96,12627,resnet34_unet_random_init_seed2026,random_init,2026,val
192,396,25,1181,14782,resnet34_unet_random_init_seed2026,random_init,2026,val
73,16157,150,3,74,resnet34_unet_random_init_seed2026,random_init,2026,val
33,19,5,19,16341,resnet34_unet_random_init_seed2026,random_init,2026,val
139,133,13,955,15283,resnet34_unet_random_init_seed2026,random_init,2026,val
42,12901,1077,391,2015,resnet34_unet_random_init_seed2026,random_init,2026,val
48,30,49,157,16148,resnet34_unet_random_init_seed2026,random_init,2026,val
3,43,15,828,15498,resnet34_unet_random_init_seed2026,random_init,2026,val
274,10565,1812,1237,2770,resnet34_unet_random_init_seed2026,random_init,2026,val
6,131,19,148,16086,resnet34_unet_random_init_seed2026,random_init,2026,val
22,5891,433,2309,7751,resnet34_unet_random_init_seed2026,random_init,2026,val
57,0,41,4,16339,resnet34_unet_random_init_seed2026,random_init,2026,val
211,0,0,0,16384,resnet34_unet_random_init_seed2026,random_init,2026,val
9,6628,1507,177,8072,resnet34_unet_random_init_seed2026,random_init,2026,val
38,0,0,0,16384,resnet34_unet_random_init_seed2026,random_init,2026,val
157,5924,66,551,9843,resnet34_unet_random_init_seed2026,random_init,2026,val
76,4913,724,1782,8965,resnet34_unet_random_init_seed2026,random_init,2026,val
56,3145,557,823,11859,resnet34_unet_random_init_seed2026,random_init,2026,val
253,3363,163,2656,10202,resnet34_unet_random_init_seed2026,random_init,2026,val
150,0,0,38,16346,resnet34_unet_random_init_seed2026,random_init,2026,val
272,5944,347,382,9711,resnet34_unet_random_init_seed2026,random_init,2026,val
10,947,167,86,15184,resnet34_unet_random_init_seed2026,random_init,2026,val
181,1240,26,74,15044,resnet34_unet_random_init_seed2026,random_init,2026,val
34,2729,353,885,12417,resnet34_unet_random_init_seed2026,random_init,2026,val
261,31,52,155,16146,resnet34_unet_random_init_seed2026,random_init,2026,test
299,0,0,0,16384,resnet34_unet_random_init_seed2026,random_init,2026,test
270,44,24,754,15562,resnet34_unet_random_init_seed2026,random_init,2026,test
66,969,119,395,14901,resnet34_unet_random_init_seed2026,random_init,2026,test
161,5476,3751,1439,5718,resnet34_unet_random_init_seed2026,random_init,2026,test
179,1560,467,4026,10331,resnet34_unet_random_init_seed2026,random_init,2026,test
127,567,199,998,14620,resnet34_unet_random_init_seed2026,random_init,2026,test
225,1919,681,3634,10150,resnet34_unet_random_init_seed2026,random_init,2026,test
63,48,23,497,15816,resnet34_unet_random_init_seed2026,random_init,2026,test
115,0,0,0,16384,resnet34_unet_random_init_seed2026,random_init,2026,test
245,8479,330,156,7419,resnet34_unet_random_init_seed2026,random_init,2026,test
219,8060,3608,1088,3628,resnet34_unet_random_init_seed2026,random_init,2026,test
216,0,34,4,16346,resnet34_unet_random_init_seed2026,random_init,2026,test
82,0,0,0,16384,resnet34_unet_random_init_seed2026,random_init,2026,test
124,6451,735,364,8834,resnet34_unet_random_init_seed2026,random_init,2026,test
131,4841,1063,1873,8607,resnet34_unet_random_init_seed2026,random_init,2026,test
268,6751,1426,585,7622,resnet34_unet_random_init_seed2026,random_init,2026,test
52,6818,242,240,9084,resnet34_unet_random_init_seed2026,random_init,2026,test
213,2452,991,477,12464,resnet34_unet_random_init_seed2026,random_init,2026,test
5,0,0,0,16384,resnet34_unet_random_init_seed2026,random_init,2026,test
302,0,0,0,16384,resnet34_unet_random_init_seed2026,random_init,2026,test
129,40,19,754,15571,resnet34_unet_random_init_seed2026,random_init,2026,test
255,0,59,4,16321,resnet34_unet_random_init_seed2026,random_init,2026,test
114,5721,1688,3038,5937,resnet34_unet_random_init_seed2026,random_init,2026,test
44,4168,2004,1051,9161,resnet34_unet_random_init_seed2026,random_init,2026,test
287,3701,590,1627,10466,resnet34_unet_random_init_seed2026,random_init,2026,test
134,10428,2803,196,2957,resnet34_unet_random_init_seed2026,random_init,2026,test
250,4188,358,952,10886,resnet34_unet_random_init_seed2026,random_init,2026,test
84,1322,14,1784,13264,resnet34_unet_random_init_seed2026,random_init,2026,test
173,0,0,0,16384,resnet34_unet_random_init_seed2026,random_init,2026,test
178,411,431,841,14701,resnet34_unet_random_init_seed2026,random_init,2026,test
83,227,12,26,16119,resnet34_unet_random_init_seed2026,random_init,2026,test
244,15701,537,33,113,resnet34_unet_random_init_seed2026,random_init,2026,test
154,3694,296,2576,9818,resnet34_unet_random_init_seed2026,random_init,2026,test
297,2482,161,404,13337,resnet34_unet_random_init_seed2026,random_init,2026,test
167,0,0,0,16384,resnet34_unet_random_init_seed2026,random_init,2026,test
259,23,1,9,16351,resnet34_unet_random_init_seed2026,random_init,2026,test
49,4211,319,929,10925,resnet34_unet_random_init_seed2026,random_init,2026,test
91,5553,1199,3797,5835,resnet34_unet_random_init_seed2026,random_init,2026,test
159,552,27,45,15760,resnet34_unet_random_init_seed2026,random_init,2026,test
263,9262,239,120,6763,resnet34_unet_random_init_seed2026,random_init,2026,test
79,688,365,877,14454,resnet34_unet_random_init_seed2026,random_init,2026,test
112,23,16,582,15763,resnet34_unet_random_init_seed2026,random_init,2026,test
72,12,0,21,16351,resnet34_unet_random_init_seed2026,random_init,2026,test
239,10414,0,200,5770,resnet34_unet_random_init_seed2026,random_init,2026,test
116,14913,324,160,987,resnet34_unet_random_init_seed2026,random_init,2026,test
