Architecture,Experiment,Seed,In_Channels,Best_Epoch,Val_Global_IoU,Val_Mean_Image_IoU,Val_F1,Val_Precision,Val_Recall,Checkpoint,History
UNetBN,E0,42,7,50,0.7576893792469002,0.6096632384907892,0.8621425193785689,0.8798594235698584,0.8451250387240363,/kaggle/working/water_segmentation_v2/checkpoints/UNetBN_E0_seed42.pth,/kaggle/working/water_segmentation_v2/results/history_UNetBN_E0_seed42.csv
UNetBN,E0,123,7,81,0.7584272618153458,0.6357736648069027,0.8626199944577231,0.8787121581489695,0.8471066434499765,/kaggle/working/water_segmentation_v2/checkpoints/UNetBN_E0_seed123.pth,/kaggle/working/water_segmentation_v2/results/history_UNetBN_E0_seed123.csv
UNetBN,E0,2026,7,50,0.7508421858550698,0.5778676717449472,0.8576925865121786,0.8782217396414107,0.8381012915148413,/kaggle/working/water_segmentation_v2/checkpoints/UNetBN_E0_seed2026.pth,/kaggle/working/water_segmentation_v2/results/history_UNetBN_E0_seed2026.csv
UNetBN,E1,42,9,72,0.7578793267673876,0.6381687476194452,0.8622654704818165,0.8618123029148131,0.8627191248891228,/kaggle/working/water_segmentation_v2/checkpoints/UNetBN_E1_seed42.pth,/kaggle/working/water_segmentation_v2/results/history_UNetBN_E1_seed42.csv
UNetBN,E1,123,9,53,0.7555504053427319,0.6282759648083627,0.8607561465108409,0.8684186205808809,0.8532277189646059,/kaggle/working/water_segmentation_v2/checkpoints/UNetBN_E1_seed123.pth,/kaggle/working/water_segmentation_v2/results/history_UNetBN_E1_seed123.csv
UNetBN,E1,2026,9,46,0.7566197318467607,0.6363921632749863,0.8614496509866182,0.8829698339436337,0.8409535204195638,/kaggle/working/water_segmentation_v2/checkpoints/UNetBN_E1_seed2026.pth,/kaggle/working/water_segmentation_v2/results/history_UNetBN_E1_seed2026.csv
UNetBN,benchmark12,42,12,17,0.7563199154408156,0.621593337894412,0.8612552922835717,0.9002149234953374,0.8255279828224874,/kaggle/working/water_segmentation_v2/checkpoints/UNetBN_benchmark12_seed42.pth,/kaggle/working/water_segmentation_v2/results/history_UNetBN_benchmark12_seed42.csv
UNetBN,benchmark12,123,12,9,0.7521947873799357,0.6137411576357819,0.8585743873075171,0.9008542796122356,0.82008524639194,/kaggle/working/water_segmentation_v2/checkpoints/UNetBN_benchmark12_seed123.pth,/kaggle/working/water_segmentation_v2/results/history_UNetBN_benchmark12_seed123.csv
UNetBN,benchmark12,2026,12,30,0.7542144155057176,0.6238177764055852,0.8598885113002452,0.8904315690715949,0.8313713132003273,/kaggle/working/water_segmentation_v2/checkpoints/UNetBN_benchmark12_seed2026.pth,/kaggle/working/water_segmentation_v2/results/history_UNetBN_benchmark12_seed2026.csv
UNetBN,E4,42,22,12,0.7437554290126076,0.6004258283149712,0.8530501609162914,0.8851475140564277,0.8231991966755603,/kaggle/working/water_segmentation_v2/checkpoints/UNetBN_E4_seed42.pth,/kaggle/working/water_segmentation_v2/results/history_UNetBN_E4_seed42.csv
UNetBN,E4,123,22,37,0.7550567460432474,0.6101795913220623,0.8604357019941261,0.8906189267667597,0.8322312548738485,/kaggle/working/water_segmentation_v2/checkpoints/UNetBN_E4_seed123.pth,/kaggle/working/water_segmentation_v2/results/history_UNetBN_E4_seed123.csv
UNetBN,E4,2026,22,9,0.7411917254969052,0.575419662331593,0.8513614098784951,0.8509003601440122,0.8518229695227669,/kaggle/working/water_segmentation_v2/checkpoints/UNetBN_E4_seed2026.pth,/kaggle/working/water_segmentation_v2/results/history_UNetBN_E4_seed2026.csv
