Sample_ID,Water_Pixels,Background_Pixels,Water_Percentage,Coverage_Group,Split
153,3970,12414,24.23095703125,Medium (20-50%),Train
0,1917,14467,11.700439453125,Low (5-20%),Train
51,9181,7203,56.036376953125,High (50-80%),Train
195,272,16112,1.66015625,Very Low (0-5%),Train
78,5232,11152,31.93359375,Medium (20-50%),Train
117,6674,9710,40.73486328125,Medium (20-50%),Train
65,7123,9261,43.475341796875,Medium (20-50%),Train
98,2137,14247,13.043212890625,Low (5-20%),Train
140,3837,12547,23.419189453125,Medium (20-50%),Train
273,0,16384,0.0,No Water,Train
27,10347,6037,63.153076171875,High (50-80%),Train
237,3613,12771,22.052001953125,Medium (20-50%),Train
145,4460,11924,27.2216796875,Medium (20-50%),Train
288,6571,9813,40.106201171875,Medium (20-50%),Train
174,8,16376,0.048828125,Very Low (0-5%),Train
280,0,16384,0.0,No Water,Train
158,9908,6476,60.4736328125,High (50-80%),Train
229,13811,2573,84.295654296875,Very High (80-100%),Train
141,38,16346,0.23193359375,Very Low (0-5%),Train
163,0,16384,0.0,No Water,Train
7,38,16346,0.23193359375,Very Low (0-5%),Train
254,12806,3578,78.16162109375,High (50-80%),Train
122,0,16384,0.0,No Water,Train
31,0,16384,0.0,No Water,Train
120,7247,9137,44.232177734375,Medium (20-50%),Train
130,6236,10148,38.0615234375,Medium (20-50%),Train
13,196,16188,1.1962890625,Very Low (0-5%),Train
61,6950,9434,42.41943359375,Medium (20-50%),Train
265,769,15615,4.693603515625,Very Low (0-5%),Train
47,0,16384,0.0,No Water,Train
125,5105,11279,31.158447265625,Medium (20-50%),Train
243,2771,13613,16.912841796875,Low (5-20%),Train
205,7238,9146,44.17724609375,Medium (20-50%),Train
175,2418,13966,14.75830078125,Low (5-20%),Train
11,10771,5613,65.740966796875,High (50-80%),Train
217,6325,10059,38.604736328125,Medium (20-50%),Train
147,1715,14669,10.467529296875,Low (5-20%),Train
228,6435,9949,39.276123046875,Medium (20-50%),Train
149,10024,6360,61.181640625,High (50-80%),Train
257,4569,11815,27.886962890625,Medium (20-50%),Train
20,5431,10953,33.148193359375,Medium (20-50%),Train
267,5410,10974,33.02001953125,Medium (20-50%),Train
35,36,16348,0.2197265625,Very Low (0-5%),Train
266,0,16384,0.0,No Water,Train
296,0,16384,0.0,No Water,Train
69,445,15939,2.716064453125,Very Low (0-5%),Train
18,7543,8841,46.038818359375,Medium (20-50%),Train
67,219,16165,1.336669921875,Very Low (0-5%),Train
188,0,16384,0.0,No Water,Train
170,5991,10393,36.566162109375,Medium (20-50%),Train
180,7675,8709,46.844482421875,Medium (20-50%),Train
201,4276,12108,26.0986328125,Medium (20-50%),Train
226,16384,0,100.0,Very High (80-100%),Train
95,4377,12007,26.715087890625,Medium (20-50%),Train
156,7975,8409,48.675537109375,Medium (20-50%),Train
1,182,16202,1.11083984375,Very Low (0-5%),Train
96,0,16384,0.0,No Water,Train
28,549,15835,3.350830078125,Very Low (0-5%),Train
251,12377,4007,75.543212890625,High (50-80%),Train
45,8767,7617,53.509521484375,High (50-80%),Train
14,0,16384,0.0,No Water,Train
202,16158,226,98.62060546875,Very High (80-100%),Train
32,219,16165,1.336669921875,Very Low (0-5%),Train
165,1,16383,0.006103515625,Very Low (0-5%),Train
92,6978,9406,42.59033203125,Medium (20-50%),Train
103,0,16384,0.0,No Water,Train
232,0,16384,0.0,No Water,Train
23,7125,9259,43.487548828125,Medium (20-50%),Train
169,1252,15132,7.6416015625,Low (5-20%),Train
24,101,16283,0.616455078125,Very Low (0-5%),Train
54,4221,12163,25.762939453125,Medium (20-50%),Train
39,3836,12548,23.4130859375,Medium (20-50%),Train
197,218,16166,1.33056640625,Very Low (0-5%),Train
12,9520,6864,58.10546875,High (50-80%),Train
97,5119,11265,31.243896484375,Medium (20-50%),Train
100,6717,9667,40.997314453125,Medium (20-50%),Train
160,9294,7090,56.72607421875,High (50-80%),Train
15,9554,6830,58.31298828125,High (50-80%),Train
16,12600,3784,76.904296875,High (50-80%),Train
196,10842,5542,66.17431640625,High (50-80%),Train
292,0,16384,0.0,No Water,Train
300,16355,29,99.822998046875,Very High (80-100%),Train
294,4217,12167,25.738525390625,Medium (20-50%),Train
204,0,16384,0.0,No Water,Train
74,16384,0,100.0,Very High (80-100%),Train
70,0,16384,0.0,No Water,Train
68,10347,6037,63.153076171875,High (50-80%),Train
176,5,16379,0.030517578125,Very Low (0-5%),Train
242,38,16346,0.23193359375,Very Low (0-5%),Train
55,9558,6826,58.33740234375,High (50-80%),Train
252,108,16276,0.6591796875,Very Low (0-5%),Train
190,1117,15267,6.817626953125,Low (5-20%),Train
214,2247,14137,13.714599609375,Low (5-20%),Train
276,1731,14653,10.565185546875,Low (5-20%),Train
236,5384,11000,32.861328125,Medium (20-50%),Train
40,63,16321,0.384521484375,Very Low (0-5%),Train
291,629,15755,3.839111328125,Very Low (0-5%),Train
143,10892,5492,66.4794921875,High (50-80%),Train
80,0,16384,0.0,No Water,Train
128,1136,15248,6.93359375,Low (5-20%),Train
4,325,16059,1.983642578125,Very Low (0-5%),Train
168,38,16346,0.23193359375,Very Low (0-5%),Train
301,3857,12527,23.541259765625,Medium (20-50%),Train
279,38,16346,0.23193359375,Very Low (0-5%),Train
233,14073,2311,85.894775390625,Very High (80-100%),Train
258,0,16384,0.0,No Water,Train
223,5332,11052,32.5439453125,Medium (20-50%),Train
94,2742,13642,16.73583984375,Low (5-20%),Train
231,834,15550,5.09033203125,Low (5-20%),Train
113,637,15747,3.887939453125,Very Low (0-5%),Train
256,4121,12263,25.152587890625,Medium (20-50%),Train
148,5427,10957,33.123779296875,Medium (20-50%),Train
212,7,16377,0.042724609375,Very Low (0-5%),Train
29,506,15878,3.08837890625,Very Low (0-5%),Train
210,1831,14553,11.175537109375,Low (5-20%),Train
136,0,16384,0.0,No Water,Train
234,14644,1740,89.3798828125,Very High (80-100%),Train
275,16226,158,99.03564453125,Very High (80-100%),Train
53,81,16303,0.494384765625,Very Low (0-5%),Train
295,241,16143,1.470947265625,Very Low (0-5%),Train
93,1380,15004,8.4228515625,Low (5-20%),Train
248,16176,208,98.73046875,Very High (80-100%),Train
104,740,15644,4.5166015625,Very Low (0-5%),Train
198,2062,14322,12.58544921875,Low (5-20%),Train
184,5780,10604,35.2783203125,Medium (20-50%),Train
303,6354,10030,38.78173828125,Medium (20-50%),Train
203,8449,7935,51.568603515625,High (50-80%),Train
305,4804,11580,29.3212890625,Medium (20-50%),Train
269,365,16019,2.227783203125,Very Low (0-5%),Train
241,197,16187,1.202392578125,Very Low (0-5%),Train
62,2349,14035,14.337158203125,Low (5-20%),Train
30,10598,5786,64.68505859375,High (50-80%),Train
8,2490,13894,15.19775390625,Low (5-20%),Train
194,1842,14542,11.24267578125,Low (5-20%),Train
144,834,15550,5.09033203125,Low (5-20%),Train
19,9105,7279,55.572509765625,High (50-80%),Train
235,3204,13180,19.5556640625,Low (5-20%),Train
146,16169,215,98.687744140625,Very High (80-100%),Train
191,9932,6452,60.6201171875,High (50-80%),Train
199,2699,13685,16.473388671875,Low (5-20%),Train
99,1285,15099,7.843017578125,Low (5-20%),Train
151,0,16384,0.0,No Water,Train
304,0,16384,0.0,No Water,Train
133,4,16380,0.0244140625,Very Low (0-5%),Train
106,0,16384,0.0,No Water,Train
227,0,16384,0.0,No Water,Train
89,5724,10660,34.9365234375,Medium (20-50%),Train
281,10117,6267,61.749267578125,High (50-80%),Train
110,4224,12160,25.78125,Medium (20-50%),Train
60,13433,2951,81.988525390625,Very High (80-100%),Train
182,6549,9835,39.971923828125,Medium (20-50%),Train
264,315,16069,1.922607421875,Very Low (0-5%),Train
209,2717,13667,16.583251953125,Low (5-20%),Train
137,2682,13702,16.36962890625,Low (5-20%),Train
2,11768,4616,71.826171875,High (50-80%),Train
283,12842,3542,78.38134765625,High (50-80%),Train
193,47,16337,0.286865234375,Very Low (0-5%),Train
220,5193,11191,31.695556640625,Medium (20-50%),Train
183,3407,12977,20.794677734375,Medium (20-50%),Train
36,717,15667,4.376220703125,Very Low (0-5%),Train
222,4858,11526,29.65087890625,Medium (20-50%),Train
46,804,15580,4.9072265625,Very Low (0-5%),Train
221,6276,10108,38.3056640625,Medium (20-50%),Train
290,11772,4612,71.8505859375,High (50-80%),Train
260,2433,13951,14.849853515625,Low (5-20%),Train
289,0,16384,0.0,No Water,Train
119,6310,10074,38.51318359375,Medium (20-50%),Train
240,10570,5814,64.51416015625,High (50-80%),Train
246,6922,9462,42.24853515625,Medium (20-50%),Train
26,2105,14279,12.847900390625,Low (5-20%),Train
101,67,16317,0.408935546875,Very Low (0-5%),Train
247,111,16273,0.677490234375,Very Low (0-5%),Train
86,8502,7882,51.89208984375,High (50-80%),Train
298,1759,14625,10.736083984375,Low (5-20%),Train
230,1375,15009,8.392333984375,Low (5-20%),Train
277,10256,6128,62.59765625,High (50-80%),Train
37,0,16384,0.0,No Water,Train
105,722,15662,4.40673828125,Very Low (0-5%),Train
200,2277,14107,13.897705078125,Low (5-20%),Train
177,4152,12232,25.341796875,Medium (20-50%),Train
17,8586,7798,52.40478515625,High (50-80%),Train
126,4047,12337,24.700927734375,Medium (20-50%),Train
206,8624,7760,52.63671875,High (50-80%),Train
71,394,15990,2.40478515625,Very Low (0-5%),Train
249,510,15874,3.11279296875,Very Low (0-5%),Train
187,8586,7798,52.40478515625,High (50-80%),Train
111,12191,4193,74.407958984375,High (50-80%),Train
50,802,15582,4.89501953125,Very Low (0-5%),Train
166,2824,13560,17.236328125,Low (5-20%),Train
102,6344,10040,38.720703125,Medium (20-50%),Train
171,1535,14849,9.368896484375,Low (5-20%),Train
215,16384,0,100.0,Very High (80-100%),Train
186,11326,5058,69.12841796875,High (50-80%),Train
59,5397,10987,32.940673828125,Medium (20-50%),Train
108,3675,12709,22.430419921875,Medium (20-50%),Train
162,60,16324,0.3662109375,Very Low (0-5%),Train
218,4,16380,0.0244140625,Very Low (0-5%),Train
87,667,15717,4.071044921875,Very Low (0-5%),Train
123,188,16196,1.1474609375,Very Low (0-5%),Train
107,0,16384,0.0,No Water,Train
85,193,16191,1.177978515625,Very Low (0-5%),Train
207,0,16384,0.0,No Water,Train
88,0,16384,0.0,No Water,Train
152,0,16384,0.0,No Water,Train
58,0,16384,0.0,No Water,Train
282,2690,13694,16.41845703125,Low (5-20%),Train
77,10179,6205,62.127685546875,High (50-80%),Train
90,0,16384,0.0,No Water,Train
118,10383,6001,63.372802734375,High (50-80%),Train
185,4118,12266,25.13427734375,Medium (20-50%),Train
135,14513,1871,88.580322265625,Very High (80-100%),Train
208,38,16346,0.23193359375,Very Low (0-5%),Train
138,385,15999,2.349853515625,Very Low (0-5%),Train
81,397,15987,2.423095703125,Very Low (0-5%),Train
271,34,16350,0.20751953125,Very Low (0-5%),Validation
172,11881,4503,72.515869140625,High (50-80%),Validation
21,0,16384,0.0,No Water,Validation
109,187,16197,1.141357421875,Very Low (0-5%),Validation
121,5277,11107,32.208251953125,Medium (20-50%),Validation
285,612,15772,3.7353515625,Very Low (0-5%),Validation
293,13010,3374,79.40673828125,High (50-80%),Validation
64,9428,6956,57.5439453125,High (50-80%),Validation
25,304,16080,1.85546875,Very Low (0-5%),Validation
164,3192,13192,19.482421875,Low (5-20%),Validation
286,14771,1613,90.155029296875,Very High (80-100%),Validation
41,0,16384,0.0,No Water,Validation
155,0,16384,0.0,No Water,Validation
284,266,16118,1.62353515625,Very Low (0-5%),Validation
189,0,16384,0.0,No Water,Validation
262,2485,13899,15.167236328125,Low (5-20%),Validation
43,9182,7202,56.04248046875,High (50-80%),Validation
75,0,16384,0.0,No Water,Validation
224,4047,12337,24.700927734375,Medium (20-50%),Validation
132,8638,7746,52.72216796875,High (50-80%),Validation
278,38,16346,0.23193359375,Very Low (0-5%),Validation
142,4582,11802,27.96630859375,Medium (20-50%),Validation
238,3503,12881,21.380615234375,Medium (20-50%),Validation
192,1577,14807,9.625244140625,Low (5-20%),Validation
73,16160,224,98.6328125,Very High (80-100%),Validation
33,38,16346,0.23193359375,Very Low (0-5%),Validation
139,1088,15296,6.640625,Low (5-20%),Validation
42,13292,3092,81.1279296875,Very High (80-100%),Validation
48,187,16197,1.141357421875,Very Low (0-5%),Validation
3,871,15513,5.316162109375,Low (5-20%),Validation
274,11802,4582,72.03369140625,High (50-80%),Validation
6,279,16105,1.702880859375,Very Low (0-5%),Validation
22,8200,8184,50.048828125,High (50-80%),Validation
57,4,16380,0.0244140625,Very Low (0-5%),Validation
211,0,16384,0.0,No Water,Validation
9,6805,9579,41.534423828125,Medium (20-50%),Validation
38,0,16384,0.0,No Water,Validation
157,6475,9909,39.520263671875,Medium (20-50%),Validation
76,6695,9689,40.863037109375,Medium (20-50%),Validation
56,3968,12416,24.21875,Medium (20-50%),Validation
253,6019,10365,36.737060546875,Medium (20-50%),Validation
150,38,16346,0.23193359375,Very Low (0-5%),Validation
272,6326,10058,38.61083984375,Medium (20-50%),Validation
10,1033,15351,6.304931640625,Low (5-20%),Validation
181,1314,15070,8.02001953125,Low (5-20%),Validation
34,3614,12770,22.05810546875,Medium (20-50%),Validation
261,186,16198,1.13525390625,Very Low (0-5%),Test
299,0,16384,0.0,No Water,Test
270,798,15586,4.87060546875,Very Low (0-5%),Test
66,1364,15020,8.3251953125,Low (5-20%),Test
161,6915,9469,42.205810546875,Medium (20-50%),Test
179,5586,10798,34.09423828125,Medium (20-50%),Test
127,1565,14819,9.552001953125,Low (5-20%),Test
225,5553,10831,33.892822265625,Medium (20-50%),Test
63,545,15839,3.326416015625,Very Low (0-5%),Test
115,0,16384,0.0,No Water,Test
245,8635,7749,52.703857421875,High (50-80%),Test
219,9148,7236,55.8349609375,High (50-80%),Test
216,4,16380,0.0244140625,Very Low (0-5%),Test
82,0,16384,0.0,No Water,Test
124,6815,9569,41.595458984375,Medium (20-50%),Test
131,6714,9670,40.97900390625,Medium (20-50%),Test
268,7336,9048,44.775390625,Medium (20-50%),Test
52,7058,9326,43.07861328125,Medium (20-50%),Test
213,2929,13455,17.877197265625,Low (5-20%),Test
5,0,16384,0.0,No Water,Test
302,0,16384,0.0,No Water,Test
129,794,15590,4.84619140625,Very Low (0-5%),Test
255,4,16380,0.0244140625,Very Low (0-5%),Test
114,8759,7625,53.460693359375,High (50-80%),Test
44,5219,11165,31.854248046875,Medium (20-50%),Test
287,5328,11056,32.51953125,Medium (20-50%),Test
134,10624,5760,64.84375,High (50-80%),Test
250,5140,11244,31.3720703125,Medium (20-50%),Test
84,3106,13278,18.95751953125,Low (5-20%),Test
173,0,16384,0.0,No Water,Test
178,1252,15132,7.6416015625,Low (5-20%),Test
83,253,16131,1.544189453125,Very Low (0-5%),Test
244,15734,650,96.03271484375,Very High (80-100%),Test
154,6270,10114,38.26904296875,Medium (20-50%),Test
297,2886,13498,17.61474609375,Low (5-20%),Test
167,0,16384,0.0,No Water,Test
259,32,16352,0.1953125,Very Low (0-5%),Test
49,5140,11244,31.3720703125,Medium (20-50%),Test
91,9350,7034,57.06787109375,High (50-80%),Test
159,597,15787,3.643798828125,Very Low (0-5%),Test
263,9382,7002,57.26318359375,High (50-80%),Test
79,1565,14819,9.552001953125,Low (5-20%),Test
112,605,15779,3.692626953125,Very Low (0-5%),Test
72,33,16351,0.201416015625,Very Low (0-5%),Test
239,10614,5770,64.78271484375,High (50-80%),Test
116,15073,1311,91.998291015625,Very High (80-100%),Test
