Epoch,Train_Loss,Train_IoU,Train_F1,Val_Loss,Val_IoU,Val_F1,Val_Precision,Val_Recall,LR
1,1.1654349331543825,0.511153649010288,0.6765078397632353,1.1424153369405996,0.663248518678663,0.7975338707020008,0.8005144403846033,0.7945754238283538,0.001
2,1.0450405250085848,0.631139840470385,0.7738635532690173,1.0185254423514656,0.6529226648811225,0.7900220314254989,0.7989720003932399,0.7812703635256123,0.001
3,1.0109408603650387,0.6488121048233171,0.7870055039632045,0.9239525639492533,0.7048337436866734,0.8268650736022366,0.9294948296207768,0.7446453942378168,0.001
4,0.9773063960476457,0.6529964123930057,0.7900760139237987,0.9492716296859409,0.7069990839543112,0.8283532034249242,0.9064660508522422,0.7626347330975652,0.001
5,0.9603107476902899,0.6478788628200434,0.786318549687979,0.9130058495894723,0.7143888413672037,0.833403507851669,0.9058040976000635,0.7717202038221591,0.001
6,0.9177995574808566,0.6712153864681966,0.8032661591741097,0.9044208837592084,0.7147768840441341,0.8336675009175111,0.8929979132853616,0.781729711251841,0.001
7,0.900350006941323,0.6644556474348603,0.7984059464740236,0.867661942606387,0.7193215317236256,0.8367504439190552,0.9121442304661069,0.7728685731377309,0.001
8,0.8858206834748527,0.651814299079626,0.7892101374619473,0.8352025721384131,0.7107606614098856,0.8309293908889799,0.9175407455219675,0.7592590614350472,0.001
9,0.8580448627471924,0.6732559596483443,0.8047256029261194,0.7986762005349864,0.7163349631910962,0.8347262909579888,0.9146619316734818,0.7676394868124062,0.001
10,0.83584163122088,0.6750048417709196,0.8059735957428759,0.8295041737349137,0.7296613487324689,0.8437042834521086,0.8970141441608922,0.7963754259648547,0.001
11,0.8280340756211325,0.6717830392201395,0.8036725092939424,0.8309904000033503,0.6943596532098684,0.8196130587322975,0.7898467451927924,0.851710803217525,0.001
12,0.8066355781020406,0.6989933880626681,0.8228323767860395,0.7604861985082212,0.7336441159749524,0.8463606860045755,0.8316534596804116,0.8615974618367038,0.001
13,0.8159467048734148,0.6610435325876581,0.79593763254576,0.7705691197644109,0.7271876485501145,0.8420482219935784,0.9088416766199688,0.7844003375671244,0.001
14,0.8119992897889324,0.6693444825450529,0.8019249297078569,0.7667513386062954,0.702981164141021,0.8255888846447127,0.9298459232894052,0.7423539968593038,0.001
15,0.7900455521645947,0.6778688954902113,0.8080117500886759,0.7908464955246967,0.7176283995853034,0.8356037842316139,0.8717241939601639,0.8023576289110893,0.001
16,0.7723938577643065,0.6904024302354906,0.816849779276528,0.7638713950696199,0.6983977681078368,0.8224195497384441,0.8279464541866726,0.8169659548556891,0.001
17,0.7645672587590797,0.6917752524126323,0.8178098683061312,0.7243452849595443,0.7323887756731675,0.84552472474529,0.8865334247393528,0.808142205509993,0.001
18,0.7804103120465145,0.6815510320415333,0.8106218780910235,0.7369127765945767,0.706863068583516,0.8282598379820791,0.8574638770877037,0.8009795857324031,0.0005
19,0.7568620565895722,0.6974427059657474,0.8217569868795098,0.7659204032110132,0.7339660504756836,0.8465748749130025,0.8635434374409262,0.8302603326531695,0.0005
20,0.7451690112318948,0.6987605479157482,0.822671028633619,0.7174026966094971,0.7354220522163472,0.8475425870522034,0.8729371535974414,0.8235837668649612,0.0005
21,0.7288753685550154,0.7106867702023207,0.8308788941454973,0.7185310539991959,0.723380273785493,0.8394900190997387,0.8532819171824361,0.826136885622372,0.0005
22,0.731057318571572,0.7042269162646796,0.8264473530929763,0.7143744282100511,0.7122279529106685,0.8319312243675444,0.8416768705995079,0.8224086912862365,0.0005
23,0.7298270686764583,0.7007743778663192,0.8240650644042183,0.7136782926061879,0.7382407931606665,0.849411418397758,0.8710363680248289,0.8288342182008082,0.0005
24,0.731098502595848,0.7051044520269731,0.8270513245474835,0.7023201714391294,0.7304025913928398,0.8441995992145439,0.845338960357285,0.8430633152086376,0.0005
25,0.7081441467053422,0.711298768765232,0.8312969978972397,0.705033937226171,0.7418541147072809,0.8517982121351244,0.8668358798254302,0.8372733973571034,0.0005
26,0.7309109262216871,0.708576283329232,0.829434759188245,0.7534931742626688,0.7430232832998112,0.8525683920144036,0.866077775512293,0.8394739934408969,0.0005
27,0.7200546108673667,0.7000096208425867,0.8235360647612167,0.7010789098946945,0.7122175446580629,0.8319241238937639,0.8280219053413673,0.8358633066626339,0.0005
28,0.7221035907201678,0.7151407644878578,0.8339149474023939,0.7218838463658872,0.7381417734218259,0.8493458708203594,0.8662301527798122,0.8331072203052614,0.0005
29,0.7086498793040481,0.7124464379061207,0.8320802541426856,0.6857840859371683,0.7451322814093845,0.8539550668860548,0.8698046210689686,0.8386728055463119,0.0005
30,0.7010410032539725,0.7160744338487492,0.8345493825155237,0.6903167366981506,0.7492861985656769,0.8566765058901604,0.8759712422969949,0.8382134578200832,0.0005
31,0.7102335697022554,0.7079113479085289,0.8289790269378761,0.6948794852132383,0.7258571322326005,0.841155521348707,0.8483528184622947,0.8340793282840245,0.0005
32,0.7044628507623049,0.7063747676544747,0.827924529571207,0.7058618742486705,0.7433621583568432,0.8527914299815854,0.8716507150346433,0.8347309611049537,0.0005
33,0.6882768735707363,0.7131066476740426,0.8325303557354956,0.6853642593259397,0.7352697490595336,0.8474414368407145,0.8714009999886642,0.8247641836963163,0.0005
34,0.6991057875000428,0.7100564614102719,0.8304479684253784,0.6793574768563976,0.7465799770527126,0.8549049943392929,0.9010332216869503,0.813269808035337,0.0005
35,0.6921675428051814,0.7142609901247066,0.8333165019268528,0.7142172196637029,0.7385733181467126,0.8496314835753684,0.8405147181802537,0.8589482005319429,0.0005
36,0.7089988032234049,0.7023368871988572,0.8251444097040892,0.6815865765447202,0.7442628073670072,0.8533837904162267,0.8965825539673609,0.814156455972011,0.00025
37,0.6860274522103996,0.7149818452443678,0.8338068918280988,0.6763476211091747,0.7487310251785296,0.8563135325317873,0.8777129717906523,0.8359327429468312,0.00025
38,0.6751549104663813,0.7177706857488804,0.8357002333425947,0.6749792980111163,0.7463691563879651,0.8547667591284619,0.872490501593681,0.8377487688412238,0.00025
39,0.6757969126523098,0.7210282658796765,0.8379040319985852,0.6708307940026988,0.7483643106686254,0.8560736475041905,0.8767272849431772,0.8363707256625377,0.00025
40,0.6791280040117068,0.7138974443373314,0.8330690292029201,0.6653677043707474,0.7458612805600792,0.8544336076431536,0.8695349223026672,0.8398478811250365,0.00025
41,0.6866821446151377,0.7166343726693087,0.8349295339618193,0.6673361477644547,0.7441918396698293,0.8533371368720062,0.8611059747435276,0.8457072352607682,0.00025
42,0.6625422061046707,0.7176223662028585,0.8355996941292451,0.6563050746917725,0.7513987968674236,0.8580556225514164,0.8769538765244348,0.8399547061776479,0.00025
43,0.6923609866160099,0.7070088970076515,0.8283599388146061,0.6820638231609178,0.7542671605356804,0.8599227906880744,0.8649999729783305,0.8549048722906039,0.00025
44,0.656466489083299,0.7191436783152849,0.8366301003148463,0.6649542165839154,0.7511675271159592,0.8579048104847511,0.8689986959046547,0.8470906196920849,0.00025
45,0.6756479422622752,0.717735480849771,0.8356763710795695,0.6631828650184299,0.7500450890865069,0.857172297319422,0.8706791109739357,0.8440781532084454,0.00025
46,0.6573545019203257,0.7264007858395034,0.8415204481901095,0.6645586490631104,0.7566197318467607,0.8614496509866182,0.8829698339436337,0.8409535204195638,0.00025
47,0.6577972463358228,0.7258485785610425,0.8411497778693968,0.6618456788685011,0.7548647881996617,0.8603110494766293,0.867921964265283,0.852832466269944,0.00025
48,0.6548118390769602,0.7232633607902713,0.8394112855170438,0.6626401362211808,0.7500726394558114,0.8571902881876361,0.8739164215549767,0.8410923929879586,0.00025
49,0.6808286944282389,0.7040417506388452,0.82631983179826,0.6661388899969019,0.7459894719130473,0.854517715659392,0.8818378132635744,0.8288395594534387,0.00025
50,0.6502851754705482,0.7251182273434255,0.8406591635735314,0.6666233565496362,0.7543083472286228,0.8599495567996005,0.8773005112246678,0.8432716240612298,0.00025
51,0.6658620422131547,0.7193920563350126,0.8367981571034782,0.6566936244135317,0.7495276587455809,0.8568343011129576,0.8945838975711582,0.8221416286547082,0.00025
52,0.6579008419937062,0.7190586774009735,0.8365725760954733,0.6670795290366464,0.7527021394158167,0.8589047940461068,0.8904995642001415,0.8294751685164762,0.000125
53,0.6490518690269684,0.7247899260851862,0.8404384914555059,0.6556695596031521,0.7530277204628693,0.8591167239292357,0.8665033114741157,0.8518550170385504,0.000125
54,0.6474697160943647,0.727941424863733,0.8425533528793824,0.651244826938795,0.7543840193634189,0.8599987307851538,0.885761355080085,0.8356923865784557,0.000125
55,0.6466318474751767,0.7266077030118566,0.841659280713836,0.6514134614363961,0.7504348194968467,0.8574267453577602,0.8645904043009115,0.850380831312514,0.000125
56,0.648055850623924,0.7292743166519355,0.8434454907552881,0.6573252859322921,0.7507781173765176,0.8576507845832221,0.8572297578518906,0.8580722351005299,0.000125
57,0.6428116894213953,0.7265948957735369,0.8416506885728148,0.6675371346266373,0.7520826314307388,0.8585013212957702,0.8469338433632432,0.8703891636666166,0.000125
58,0.6371692017974141,0.723737798802365,0.839730723550409,0.6497407374174698,0.7558960585382161,0.8609804099433593,0.8713820737944328,0.850824155280851,6.25e-05
59,0.6405816039192342,0.728508910068877,0.8429333531400354,0.6537301851355511,0.7463477201901849,0.8547527015332764,0.8486791876621937,0.8609137814999913,6.25e-05
60,0.6304103631839574,0.7301210422144815,0.8440115114203423,0.657352177993111,0.7544693221235188,0.8600541579423671,0.85924946554137,0.8608603689736857,6.25e-05
61,0.6614760798271572,0.7223476490444808,0.8387942412681725,0.6520504355430603,0.7545251591770108,0.8600904362577889,0.8664090487829523,0.8538633280276434,6.25e-05
